fetched_at,fetch_run_id,source,device_id,record_index,record_time,tempf__tempf,tempf__sendible_temp,tempf__drew_temp,humidity__humidity,vpd__vpd,so_uv__solarradiation,so_uv__uv,rain__rainratein,rain__hourlyrainin,rain__last24hrainin,rain__dailyrainin,rain_statistcs__weeklyrainin,rain_statistcs__monthlyrainin,rain_statistcs__yearlyrainin,wind_speed__windspeedmph,wind_speed__windgustmph,winddir__winddir,pressure__baromrelin,pressure__baromabsin,tempinf__tempinf,tempinf__sendible_tempin,tempinf__drew_tempin,humidityin__humidityin
2026-05-29 05:19:31,2026-05-29 05:19:31,ecowitt,281727,1,2026-05-29 00:00,79.9,81.1,76.7,90,0.349,0.0,0,0.00,0.00,-,0.00,0.00,3.27,5.22,0.0,0.0,71,29.97,29.85,,,,
2026-05-29 05:19:31,2026-05-29 05:19:31,ecowitt,281727,2,2026-05-29 00:05,79.9,81.1,76.7,90,0.349,0.0,0,0.00,0.00,-,0.00,0.00,3.27,5.22,0.0,0.0,71,29.97,29.84,,,,
2026-05-29 05:19:31,2026-05-29 05:19:31,ecowitt,281727,3,2026-05-29 00:10,80.0,83.5,76.8,90,0.349,0.0,0,0.00,0.00,-,0.00,0.00,3.27,5.22,0.0,0.0,71,29.97,29.85,,,,
2026-05-29 05:19:31,2026-05-29 05:19:31,ecowitt,281727,4,2026-05-29 00:15,80.1,85.9,76.9,90,0.349,0.0,0,0.00,0.00,-,0.00,0.00,3.27,5.22,0.0,0.0,72,29.96,29.84,,,,
2026-05-29 05:19:31,2026-05-29 05:19:31,ecowitt,281727,5,2026-05-29 00:20,80.2,86.1,77.0,90,0.351,0.0,0,0.00,0.00,-,0.00,0.00,3.27,5.22,0.0,0.0,72,29.96,29.84,,,,
2026-05-29 05:19:31,2026-05-29 05:19:31,ecowitt,281727,6,2026-05-29 00:25,80.2,86.2,77.0,90,0.352,0.0,0,0.00,0.00,-,0.00,0.00,3.27,5.22,0.0,0.0,72,29.95,29.83,,,,
2026-05-29 05:19:31,2026-05-29 05:19:31,ecowitt,281727,7,2026-05-29 00:30,80.2,86.1,76.9,90,0.366,0.0,0,0.00,0.00,-,0.00,0.00,3.27,5.22,0.0,0.0,71,29.94,29.82,,,,
2026-05-29 05:19:31,2026-05-29 05:19:31,ecowitt,281727,8,2026-05-29 00:35,80.1,85.8,76.6,89,0.386,0.0,0,0.00,0.00,-,0.00,0.00,3.27,5.22,0.0,0.0,71,29.94,29.82,,,,
2026-05-29 05:19:31,2026-05-29 05:19:31,ecowitt,281727,9,2026-05-29 00:40,80.1,85.8,76.7,89,0.371,0.0,0,0.00,0.00,-,0.00,0.00,3.27,5.22,0.0,0.0,71,29.94,29.82,,,,
2026-05-29 05:19:31,2026-05-29 05:19:31,ecowitt,281727,10,2026-05-29 00:45,80.1,85.8,76.6,89,0.386,0.0,0,0.00,0.00,-,0.00,0.00,3.27,5.22,0.0,0.0,71,29.94,29.82,,,,
2026-05-29 05:19:31,2026-05-29 05:19:31,ecowitt,281727,11,2026-05-29 00:50,80.1,85.9,76.9,90,0.349,0.0,0,0.00,0.00,-,0.00,0.00,3.27,5.22,0.0,0.0,71,29.94,29.82,,,,
2026-05-29 05:19:31,2026-05-29 05:19:31,ecowitt,281727,12,2026-05-29 00:55,80.1,85.9,76.9,90,0.349,0.0,0,0.00,0.00,-,0.00,0.00,3.27,5.22,0.0,0.0,71,29.94,29.81,,,,
2026-05-29 05:19:31,2026-05-29 05:19:31,ecowitt,281727,13,2026-05-29 01:00,80.0,83.5,76.8,90,0.349,0.0,0,0.00,0.00,-,0.00,0.00,3.27,5.22,0.0,0.0,71,29.93,29.80,,,,
2026-05-29 05:19:31,2026-05-29 05:19:31,ecowitt,281727,14,2026-05-29 01:05,79.9,79.9,76.7,90,0.349,0.0,0,0.00,0.00,-,0.00,0.00,3.27,5.22,0.0,0.0,71,29.93,29.81,,,,
2026-05-29 05:19:31,2026-05-29 05:19:31,ecowitt,281727,15,2026-05-29 01:10,79.9,79.9,77.0,91,0.315,0.0,0,0.00,0.00,-,0.00,0.00,3.27,5.22,0.0,0.0,71,29.93,29.81,,,,
2026-05-29 05:19:31,2026-05-29 05:19:31,ecowitt,281727,16,2026-05-29 01:15,79.9,79.9,77.0,91,0.315,0.0,0,0.00,0.00,-,0.00,0.00,3.27,5.22,0.0,0.0,71,29.93,29.81,,,,
2026-05-29 05:19:31,2026-05-29 05:19:31,ecowitt,281727,17,2026-05-29 01:20,79.9,79.9,77.0,91,0.315,0.0,0,0.00,0.00,-,0.00,0.00,3.27,5.22,0.0,0.0,71,29.94,29.81,,,,
2026-05-29 05:19:31,2026-05-29 05:19:31,ecowitt,281727,18,2026-05-29 01:25,79.9,79.9,77.2,91,0.300,0.0,0,0.00,0.00,-,0.00,0.00,3.27,5.22,0.0,0.0,71,29.93,29.81,,,,
2026-05-29 05:19:31,2026-05-29 05:19:31,ecowitt,281727,19,2026-05-29 01:30,79.8,79.8,77.3,92,0.278,0.0,0,0.00,0.00,-,0.00,0.00,3.27,5.22,0.0,0.0,71,29.93,29.80,,,,
2026-05-29 05:19:31,2026-05-29 05:19:31,ecowitt,281727,20,2026-05-29 01:35,79.7,79.7,77.2,92,0.278,0.0,0,0.00,0.00,-,0.00,0.00,3.27,5.22,0.0,0.0,60,29.92,29.80,,,,
2026-05-29 05:19:31,2026-05-29 05:19:31,ecowitt,281727,21,2026-05-29 01:40,79.7,79.7,77.2,92,0.278,0.0,0,0.00,0.00,-,0.00,0.00,3.27,5.22,0.0,0.0,43,29.92,29.80,,,,
2026-05-29 05:19:31,2026-05-29 05:19:31,ecowitt,281727,22,2026-05-29 01:45,79.7,79.7,77.2,92,0.277,0.0,0,0.00,0.00,-,0.00,0.00,3.27,5.22,0.0,0.0,43,29.92,29.80,,,,
2026-05-29 05:19:31,2026-05-29 05:19:31,ecowitt,281727,23,2026-05-29 01:50,79.5,79.5,77.0,92,0.275,0.0,0,0.00,0.00,-,0.00,0.00,3.27,5.22,0.0,0.0,43,29.92,29.80,,,,
2026-05-29 05:19:31,2026-05-29 05:19:31,ecowitt,281727,24,2026-05-29 01:55,79.7,79.7,77.2,92,0.278,0.0,0,0.00,0.00,-,0.00,0.00,3.27,5.22,0.0,0.0,43,29.92,29.80,,,,
2026-05-29 05:19:31,2026-05-29 05:19:31,ecowitt,281727,25,2026-05-29 02:00,79.7,79.7,77.4,93,0.251,0.0,0,0.00,0.00,-,0.00,0.00,3.27,5.22,0.0,0.0,43,29.92,29.80,,,,
2026-05-29 05:19:31,2026-05-29 05:19:31,ecowitt,281727,26,2026-05-29 02:05,79.8,79.8,77.6,93,0.244,0.0,0,0.00,0.00,-,0.00,0.00,3.27,5.22,0.0,0.0,43,29.92,29.80,,,,
2026-05-29 05:19:31,2026-05-29 05:19:31,ecowitt,281727,27,2026-05-29 02:10,79.9,79.9,77.7,93,0.244,0.0,0,0.00,0.00,-,0.00,0.00,3.27,5.22,0.0,0.0,43,29.92,29.80,,,,
2026-05-29 05:19:31,2026-05-29 05:19:31,ecowitt,281727,28,2026-05-29 02:15,79.8,79.8,77.7,93,0.244,0.0,0,0.00,0.00,-,0.00,0.00,3.27,5.22,0.0,0.0,43,29.92,29.80,,,,
2026-05-29 05:19:31,2026-05-29 05:19:31,ecowitt,281727,29,2026-05-29 02:20,79.8,79.8,77.6,93,0.244,0.0,0,0.00,0.00,-,0.00,0.00,3.27,5.22,0.0,0.0,43,29.92,29.80,,,,
2026-05-29 05:19:31,2026-05-29 05:19:31,ecowitt,281727,30,2026-05-29 02:25,79.8,79.8,77.6,93,0.244,0.0,0,0.00,0.00,-,0.00,0.00,3.27,5.22,0.0,0.0,43,29.92,29.79,,,,
2026-05-29 05:19:31,2026-05-29 05:19:31,ecowitt,281727,31,2026-05-29 02:30,79.8,79.8,77.6,93,0.244,0.0,0,0.00,0.00,-,0.00,0.00,3.27,5.22,0.0,0.0,43,29.92,29.79,,,,
2026-05-29 05:19:31,2026-05-29 05:19:31,ecowitt,281727,32,2026-05-29 02:35,79.9,79.9,77.7,93,0.244,0.0,0,0.00,0.00,-,0.00,0.00,3.27,5.22,0.0,0.0,43,29.92,29.80,,,,
2026-05-29 05:19:31,2026-05-29 05:19:31,ecowitt,281727,33,2026-05-29 02:40,79.9,81.2,77.7,93,0.244,0.0,0,0.00,0.00,-,0.00,0.00,3.27,5.22,0.0,0.0,43,29.92,29.80,,,,
2026-05-29 05:19:31,2026-05-29 05:19:31,ecowitt,281727,34,2026-05-29 02:45,80.1,86.4,77.9,93,0.244,0.0,0,0.00,0.00,-,0.00,0.00,3.27,5.22,0.0,0.0,43,29.92,29.79,,,,
2026-05-29 05:19:31,2026-05-29 05:19:31,ecowitt,281727,35,2026-05-29 02:50,80.1,86.4,78.0,93,0.237,0.0,0,0.00,0.00,-,0.00,0.00,3.27,5.22,0.0,0.0,43,29.92,29.80,,,,
2026-05-29 05:19:31,2026-05-29 05:19:31,ecowitt,281727,36,2026-05-29 02:55,80.1,86.5,78.2,94,0.210,0.0,0,0.00,0.00,-,0.00,0.00,3.27,5.22,0.0,0.0,43,29.92,29.80,,,,
2026-05-29 05:19:31,2026-05-29 05:19:31,ecowitt,281727,37,2026-05-29 03:00,80.2,86.9,78.3,94,0.210,0.0,0,0.00,0.00,-,0.00,0.00,3.27,5.22,0.0,0.0,99,29.92,29.79,,,,
2026-05-29 05:19:31,2026-05-29 05:19:31,ecowitt,281727,38,2026-05-29 03:05,80.4,87.3,78.2,93,0.247,0.0,0,0.00,0.00,-,0.00,0.00,3.27,5.22,0.0,0.0,86,29.92,29.79,,,,
2026-05-29 05:19:31,2026-05-29 05:19:31,ecowitt,281727,39,2026-05-29 03:10,80.3,86.5,77.3,91,0.331,0.0,0,0.00,0.00,-,0.00,0.00,3.27,5.22,0.4,4.9,58,29.92,29.79,,,,
2026-05-29 05:19:31,2026-05-29 05:19:31,ecowitt,281727,40,2026-05-29 03:15,80.0,82.7,75.8,87,0.454,0.0,0,0.00,0.00,-,0.00,0.00,3.27,5.22,0.0,0.0,62,29.91,29.79,,,,
2026-05-29 05:19:31,2026-05-29 05:19:31,ecowitt,281727,41,2026-05-29 03:20,80.1,85.4,75.7,86,0.476,0.0,0,0.00,0.00,-,0.00,0.00,3.27,5.22,0.0,0.0,68,29.91,29.79,,,,
2026-05-29 05:19:31,2026-05-29 05:19:31,ecowitt,281727,42,2026-05-29 03:25,80.2,85.4,75.4,85,0.513,0.0,0,0.00,0.00,-,0.00,0.00,3.27,5.22,0.0,2.5,78,29.92,29.79,,,,
2026-05-29 05:19:31,2026-05-29 05:19:31,ecowitt,281727,43,2026-05-29 03:30,80.2,85.2,74.9,84,0.554,0.0,0,0.00,0.00,-,0.00,0.00,3.27,5.22,0.0,0.0,87,29.92,29.79,,,,
2026-05-29 05:19:31,2026-05-29 05:19:31,ecowitt,281727,44,2026-05-29 03:35,80.2,85.1,74.7,83,0.592,0.0,0,0.00,0.00,-,0.00,0.00,3.27,5.22,0.0,0.0,84,29.92,29.80,,,,
2026-05-29 05:19:31,2026-05-29 05:19:31,ecowitt,281727,45,2026-05-29 03:40,80.2,85.3,74.9,84,0.562,0.0,0,0.00,0.00,-,0.00,0.00,3.27,5.22,0.0,0.0,82,29.93,29.80,,,,
2026-05-29 05:19:31,2026-05-29 05:19:31,ecowitt,281727,46,2026-05-29 03:45,80.2,85.3,75.1,85,0.540,0.0,0,0.00,0.00,-,0.00,0.00,3.27,5.22,0.0,0.0,47,29.93,29.80,,,,
2026-05-29 05:19:31,2026-05-29 05:19:31,ecowitt,281727,47,2026-05-29 03:50,80.0,83.1,75.3,86,0.503,0.0,0,0.00,0.00,-,0.00,0.00,3.27,5.22,0.0,0.0,40,29.92,29.80,,,,
2026-05-29 05:19:31,2026-05-29 05:19:31,ecowitt,281727,48,2026-05-29 03:55,79.9,79.9,75.3,86,0.488,0.0,0,0.00,0.00,-,0.00,0.00,3.27,5.22,0.0,0.0,40,29.92,29.80,,,,
2026-05-29 05:19:31,2026-05-29 05:19:31,ecowitt,281727,49,2026-05-29 04:00,79.7,79.7,75.5,87,0.450,0.0,0,0.00,0.00,-,0.00,0.00,3.27,5.22,0.0,0.0,39,29.92,29.80,,,,
2026-05-29 05:19:31,2026-05-29 05:19:31,ecowitt,281727,50,2026-05-29 04:05,79.5,79.5,75.6,88,0.414,0.0,0,0.00,0.00,-,0.00,0.00,3.27,5.22,0.0,0.0,39,29.93,29.80,,,,
2026-05-29 05:19:31,2026-05-29 05:19:31,ecowitt,281727,51,2026-05-29 04:10,79.5,79.5,76.1,89,0.373,0.0,0,0.00,0.00,-,0.00,0.00,3.27,5.22,0.0,0.0,40,29.92,29.80,,,,
2026-05-29 05:19:31,2026-05-29 05:19:31,ecowitt,281727,52,2026-05-29 04:15,79.5,79.5,76.2,90,0.345,0.0,0,0.00,0.00,-,0.00,0.00,3.27,5.22,0.0,0.0,40,29.93,29.80,,,,
2026-05-29 05:19:31,2026-05-29 05:19:31,ecowitt,281727,53,2026-05-29 04:20,79.3,79.3,76.1,90,0.342,0.0,0,0.00,0.00,-,0.00,0.00,3.27,5.22,0.0,0.0,40,29.93,29.81,,,,
2026-05-29 05:19:31,2026-05-29 05:19:31,ecowitt,281727,54,2026-05-29 04:25,79.3,79.3,76.4,91,0.307,0.0,0,0.00,0.00,-,0.00,0.00,3.27,5.22,0.0,0.0,40,29.93,29.80,,,,
2026-05-29 05:19:31,2026-05-29 05:19:31,ecowitt,281727,55,2026-05-29 04:30,79.3,79.3,76.8,92,0.274,0.0,0,0.00,0.00,-,0.00,0.00,3.27,5.22,0.0,0.0,37,29.93,29.80,,,,
2026-05-29 05:19:31,2026-05-29 05:19:31,ecowitt,281727,56,2026-05-29 04:35,79.4,79.4,77.0,92,0.261,0.0,0,0.00,0.00,-,0.00,0.00,3.27,5.22,0.0,0.0,44,29.93,29.80,,,,
2026-05-29 05:19:31,2026-05-29 05:19:31,ecowitt,281727,57,2026-05-29 04:40,79.5,79.5,77.3,93,0.240,0.0,0,0.00,0.00,-,0.00,0.00,3.27,5.22,0.0,0.0,56,29.93,29.80,,,,
2026-05-29 05:19:31,2026-05-29 05:19:31,ecowitt,281727,58,2026-05-29 04:45,79.5,79.5,77.3,93,0.240,0.0,0,0.00,0.00,-,0.00,0.00,3.27,5.22,0.0,0.0,35,29.94,29.81,,,,
2026-05-29 05:19:31,2026-05-29 05:19:31,ecowitt,281727,59,2026-05-29 04:50,79.5,79.5,77.3,93,0.240,0.0,0,0.00,0.00,-,0.00,0.00,3.27,5.22,0.0,0.0,54,29.94,29.81,,,,
2026-05-29 05:19:31,2026-05-29 05:19:31,ecowitt,281727,60,2026-05-29 04:55,79.5,79.5,77.3,93,0.240,0.0,0,0.00,0.00,-,0.00,0.00,3.27,5.22,0.0,0.0,14,29.93,29.81,,,,
2026-05-29 05:19:31,2026-05-29 05:19:31,ecowitt,281727,61,2026-05-29 05:00,79.4,79.4,77.2,93,0.240,0.0,0,0.00,0.00,-,0.00,0.00,3.27,5.22,0.0,0.0,63,29.93,29.81,,,,
2026-05-29 05:19:31,2026-05-29 05:19:31,ecowitt,281727,62,2026-05-29 05:05,79.3,79.3,77.1,93,0.240,0.0,0,0.00,0.00,-,0.00,0.00,3.27,5.22,0.0,2.5,2,29.93,29.81,,,,
2026-05-29 05:19:31,2026-05-29 05:19:31,ecowitt,281727,63,2026-05-29 05:10,79.2,79.2,77.0,93,0.238,0.0,0,0.00,0.00,-,0.00,0.00,3.27,5.22,0.0,2.5,219,29.93,29.81,,,,
2026-05-29 05:19:31,2026-05-29 05:19:31,ecowitt,281727,64,2026-05-29 05:15,79.1,79.1,76.9,93,0.237,0.0,0,0.00,0.00,-,0.00,0.00,3.27,5.22,0.0,2.5,356,29.93,29.81,,,,
2026-05-29 05:19:31,2026-05-29 05:19:31,ecowitt,281727,65,2026-05-29 05:20,79.0,79.0,76.8,93,0.237,0.0,0,0.00,0.00,-,0.00,0.00,3.27,5.22,0.0,0.0,46,29.93,29.80,,,,
2026-05-29 05:19:31,2026-05-29 05:19:31,ecowitt,281727,66,2026-05-29 05:25,78.8,78.8,76.6,93,0.234,0.0,0,0.00,0.00,-,0.00,0.00,3.27,5.22,0.0,0.0,45,29.92,29.80,,,,
2026-05-29 05:19:31,2026-05-29 05:19:31,ecowitt,281727,67,2026-05-29 05:30,78.7,78.7,76.5,93,0.234,0.0,0,0.00,0.00,-,0.00,0.00,3.27,5.22,0.0,0.0,9,29.92,29.80,,,,
2026-05-29 05:19:31,2026-05-29 05:19:31,ecowitt,281727,68,2026-05-29 05:35,78.4,78.4,76.2,93,0.234,0.0,0,0.00,0.00,-,0.00,0.00,3.27,5.22,0.0,0.0,10,29.92,29.80,,,,
2026-05-29 05:19:31,2026-05-29 05:19:31,ecowitt,281727,69,2026-05-29 05:40,78.3,78.3,76.1,93,0.230,0.0,0,0.07,0.01,-,0.01,0.01,3.28,5.23,0.0,0.0,74,29.91,29.79,,,,
2026-05-29 05:19:31,2026-05-29 05:19:31,ecowitt,281727,70,2026-05-29 05:45,78.1,78.1,76.1,94,0.210,2.2,0,0.07,0.01,-,0.01,0.01,3.28,5.23,0.0,0.0,55,29.91,29.79,,,,
2026-05-29 05:19:31,2026-05-29 05:19:31,ecowitt,281727,71,2026-05-29 05:50,78.1,78.1,76.2,94,0.196,4.6,0,0.07,0.01,-,0.01,0.01,3.28,5.23,0.0,0.0,35,29.91,29.79,,,,
2026-05-29 05:19:31,2026-05-29 05:19:31,ecowitt,281727,72,2026-05-29 05:55,77.9,77.9,76.0,94,0.196,7.2,0,0.00,0.01,-,0.01,0.01,3.28,5.23,0.0,2.5,19,29.91,29.79,,,,
2026-05-29 05:19:31,2026-05-29 05:19:31,ecowitt,281727,73,2026-05-29 06:00,77.9,77.9,76.0,94,0.196,10.2,0,0.00,0.00,-,0.01,0.01,3.28,5.23,0.0,2.5,16,29.91,29.79,,,,
2026-05-29 05:19:31,2026-05-29 05:19:31,ecowitt,281727,74,2026-05-29 06:05,77.7,77.7,75.8,94,0.194,13.9,0,0.00,0.00,-,0.01,0.01,3.28,5.23,0.0,0.0,51,29.91,29.79,,,,
2026-05-29 05:19:31,2026-05-29 05:19:31,ecowitt,281727,75,2026-05-29 06:10,77.8,77.8,75.9,94,0.195,17.9,0,0.00,0.00,-,0.01,0.01,3.28,5.23,0.0,0.0,31,29.91,29.79,,,,
2026-05-29 05:19:31,2026-05-29 05:19:31,ecowitt,281727,76,2026-05-29 06:15,77.7,77.7,75.8,94,0.193,21.9,1,0.00,0.00,-,0.01,0.01,3.28,5.23,0.0,0.0,39,29.91,29.79,,,,
2026-05-29 05:19:31,2026-05-29 05:19:31,ecowitt,281727,77,2026-05-29 06:20,77.7,77.7,75.8,94,0.193,24.1,1,0.00,0.00,-,0.01,0.01,3.28,5.23,0.0,0.0,47,29.92,29.79,,,,
2026-05-29 05:19:31,2026-05-29 05:19:31,ecowitt,281727,78,2026-05-29 06:25,77.8,77.8,75.9,94,0.194,26.7,1,0.00,0.00,-,0.01,0.01,3.28,5.23,0.0,0.0,57,29.92,29.80,,,,
2026-05-29 05:19:31,2026-05-29 05:19:31,ecowitt,281727,79,2026-05-29 06:30,77.9,77.9,76.0,94,0.196,27.0,1,0.00,0.00,-,0.01,0.01,3.28,5.23,0.0,0.0,54,29.93,29.80,,,,
2026-05-29 05:19:31,2026-05-29 05:19:31,ecowitt,281727,80,2026-05-29 06:35,77.9,77.9,76.0,94,0.196,27.1,1,0.00,0.00,-,0.01,0.01,3.28,5.23,0.0,0.0,53,29.93,29.81,,,,
2026-05-29 05:19:31,2026-05-29 05:19:31,ecowitt,281727,81,2026-05-29 06:40,77.9,77.9,76.0,94,0.196,26.6,1,0.00,0.00,-,0.01,0.01,3.28,5.23,0.0,0.0,35,29.93,29.81,,,,
2026-05-29 05:19:31,2026-05-29 05:19:31,ecowitt,281727,82,2026-05-29 06:45,77.9,77.9,76.0,94,0.196,22.5,1,0.00,0.00,-,0.01,0.01,3.28,5.23,0.0,0.0,37,29.94,29.81,,,,
2026-05-29 05:19:31,2026-05-29 05:19:31,ecowitt,281727,83,2026-05-29 06:50,78.0,78.0,76.1,94,0.196,20.3,1,0.00,0.00,-,0.01,0.01,3.28,5.23,0.0,0.0,29,29.94,29.82,,,,
2026-05-29 05:19:31,2026-05-29 05:19:31,ecowitt,281727,84,2026-05-29 06:55,78.1,78.1,76.2,94,0.196,20.6,1,0.00,0.00,-,0.01,0.01,3.28,5.23,0.0,0.0,29,29.95,29.83,,,,
2026-05-29 05:19:31,2026-05-29 05:19:31,ecowitt,281727,85,2026-05-29 07:00,78.1,78.1,76.2,94,0.196,19.8,1,0.00,0.00,-,0.01,0.01,3.28,5.23,0.0,0.0,29,29.96,29.83,,,,
2026-05-29 05:19:31,2026-05-29 05:19:31,ecowitt,281727,86,2026-05-29 07:05,78.1,78.1,76.2,94,0.196,19.7,1,0.00,0.00,-,0.01,0.01,3.28,5.23,0.0,0.0,29,29.96,29.84,,,,
2026-05-29 05:19:31,2026-05-29 05:19:31,ecowitt,281727,87,2026-05-29 07:10,78.1,78.1,76.2,94,0.196,27.1,1,0.00,0.00,-,0.01,0.01,3.28,5.23,0.0,0.0,29,29.96,29.84,,,,
2026-05-29 05:19:31,2026-05-29 05:19:31,ecowitt,281727,88,2026-05-29 07:15,78.2,78.2,76.3,94,0.198,28.1,1,0.00,0.00,-,0.01,0.01,3.28,5.23,0.0,0.0,29,29.96,29.84,,,,
2026-05-29 05:19:31,2026-05-29 05:19:31,ecowitt,281727,89,2026-05-29 07:20,78.3,78.3,76.4,94,0.200,34.1,1,0.00,0.00,-,0.01,0.01,3.28,5.23,0.0,0.0,29,29.96,29.84,,,,
2026-05-29 05:19:31,2026-05-29 05:19:31,ecowitt,281727,90,2026-05-29 07:25,78.4,78.4,76.5,94,0.200,42.6,1,0.00,0.00,-,0.01,0.01,3.28,5.23,0.0,0.0,29,29.96,29.84,,,,
2026-05-29 05:19:31,2026-05-29 05:19:31,ecowitt,281727,91,2026-05-29 07:30,78.4,78.4,76.5,94,0.200,49.3,1,0.00,0.00,-,0.01,0.01,3.28,5.23,0.0,0.0,29,29.96,29.84,,,,
2026-05-29 05:19:31,2026-05-29 05:19:31,ecowitt,281727,92,2026-05-29 07:35,78.6,78.6,76.7,94,0.200,56.6,1,0.00,0.00,-,0.01,0.01,3.28,5.23,0.0,0.0,21,29.97,29.84,,,,
2026-05-29 05:19:31,2026-05-29 05:19:31,ecowitt,281727,93,2026-05-29 07:40,78.7,78.7,76.8,94,0.201,62.2,1,0.00,0.00,-,0.01,0.01,3.28,5.23,0.0,0.0,18,29.97,29.84,,,,
2026-05-29 05:19:31,2026-05-29 05:19:31,ecowitt,281727,94,2026-05-29 07:45,78.8,78.8,76.9,94,0.203,68.7,1,0.00,0.00,-,0.01,0.01,3.28,5.23,0.0,0.0,18,29.97,29.85,,,,
2026-05-29 05:19:31,2026-05-29 05:19:31,ecowitt,281727,95,2026-05-29 07:50,78.9,78.9,77.0,94,0.203,76.8,1,0.00,0.00,-,0.01,0.01,3.28,5.23,0.0,0.0,15,29.97,29.85,,,,
2026-05-29 05:19:31,2026-05-29 05:19:31,ecowitt,281727,96,2026-05-29 07:55,79.1,79.1,77.2,94,0.203,81.3,1,0.00,0.00,-,0.01,0.01,3.28,5.23,0.0,0.0,7,29.97,29.85,,,,
2026-05-29 05:19:31,2026-05-29 05:19:31,ecowitt,281727,97,2026-05-29 08:00,79.2,79.2,77.3,94,0.205,83.8,1,0.00,0.00,-,0.01,0.01,3.28,5.23,0.0,0.0,6,29.97,29.85,,,,
2026-05-29 05:19:31,2026-05-29 05:19:31,ecowitt,281727,98,2026-05-29 08:05,79.3,79.3,77.3,94,0.220,85.5,1,0.00,0.00,-,0.01,0.01,3.28,5.23,0.0,0.0,357,29.97,29.85,,,,
2026-05-29 05:19:31,2026-05-29 05:19:31,ecowitt,281727,99,2026-05-29 08:10,79.3,79.3,77.1,93,0.240,90.0,1,0.00,0.00,-,0.01,0.01,3.28,5.23,0.0,0.0,358,29.97,29.85,,,,
2026-05-29 05:19:31,2026-05-29 05:19:31,ecowitt,281727,100,2026-05-29 08:15,79.5,79.5,77.3,93,0.240,90.5,1,0.00,0.00,-,0.01,0.01,3.28,5.23,0.0,0.0,23,29.98,29.85,,,,
2026-05-29 05:19:31,2026-05-29 05:19:31,ecowitt,281727,101,2026-05-29 08:20,79.5,79.5,77.3,93,0.240,87.6,1,0.00,0.00,-,0.01,0.01,3.28,5.23,0.0,0.0,13,29.98,29.85,,,,
2026-05-29 05:19:31,2026-05-29 05:19:31,ecowitt,281727,102,2026-05-29 08:25,79.5,79.5,77.3,93,0.240,95.6,1,0.00,0.00,-,0.01,0.01,3.28,5.23,0.0,0.0,14,29.98,29.86,,,,
2026-05-29 05:19:31,2026-05-29 05:19:31,ecowitt,281727,103,2026-05-29 08:30,79.5,79.5,77.3,93,0.240,97.2,2,0.00,0.00,-,0.01,0.01,3.28,5.23,0.0,0.0,14,29.98,29.86,,,,
2026-05-29 05:19:31,2026-05-29 05:19:31,ecowitt,281727,104,2026-05-29 08:35,79.7,79.7,77.5,93,0.244,86.2,1,0.00,0.00,-,0.01,0.01,3.28,5.23,0.0,0.0,12,29.99,29.86,,,,
2026-05-29 05:19:31,2026-05-29 05:19:31,ecowitt,281727,105,2026-05-29 08:40,79.8,79.8,77.6,93,0.244,70.5,1,0.00,0.00,-,0.01,0.01,3.28,5.23,0.0,0.0,25,30.00,29.87,,,,
2026-05-29 05:19:31,2026-05-29 05:19:31,ecowitt,281727,106,2026-05-29 08:45,79.7,79.7,77.4,93,0.257,49.8,1,0.00,0.00,-,0.01,0.01,3.28,5.23,0.0,2.5,63,30.02,29.89,,,,
2026-05-29 05:19:31,2026-05-29 05:19:31,ecowitt,281727,107,2026-05-29 08:50,79.4,79.4,76.9,92,0.274,34.9,1,0.00,0.00,-,0.01,0.01,3.28,5.23,0.5,4.9,89,30.02,29.89,,,,
2026-05-29 05:19:31,2026-05-29 05:19:31,ecowitt,281727,108,2026-05-29 08:55,79.2,79.2,76.5,92,0.285,41.5,1,0.00,0.00,-,0.01,0.01,3.28,5.23,0.0,2.5,73,30.02,29.90,,,,
2026-05-29 05:19:31,2026-05-29 05:19:31,ecowitt,281727,109,2026-05-29 09:00,78.8,78.8,75.7,90,0.337,19.3,0,0.00,0.00,-,0.01,0.01,3.28,5.23,0.0,0.0,72,30.03,29.90,,,,
2026-05-29 05:19:31,2026-05-29 05:19:31,ecowitt,281727,110,2026-05-29 09:05,78.4,78.4,74.6,88,0.398,30.2,1,0.00,0.00,-,0.01,0.01,3.28,5.23,0.7,4.9,86,30.03,29.91,,,,
2026-05-29 05:19:31,2026-05-29 05:19:31,ecowitt,281727,111,2026-05-29 09:10,77.7,77.7,73.9,88,0.389,34.3,1,0.07,0.01,-,0.02,0.02,3.29,5.24,0.8,4.9,70,30.03,29.91,,,,
2026-05-29 05:19:31,2026-05-29 05:19:31,ecowitt,281727,112,2026-05-29 09:15,76.7,76.7,73.2,89,0.345,35.2,1,0.07,0.01,-,0.02,0.02,3.29,5.24,0.5,2.5,88,30.04,29.91,,,,
2026-05-29 05:19:31,2026-05-29 05:19:31,ecowitt,281727,113,2026-05-29 09:20,76.3,76.3,73.5,91,0.278,40.6,1,0.07,0.01,-,0.02,0.02,3.29,5.24,0.0,2.5,77,30.04,29.91,,,,
2026-05-29 05:19:31,2026-05-29 05:19:31,ecowitt,281727,114,2026-05-29 09:25,76.1,76.1,73.6,92,0.247,64.5,1,0.00,0.01,-,0.02,0.02,3.29,5.24,0.0,2.5,91,30.04,29.91,,,,
2026-05-29 05:19:31,2026-05-29 05:19:31,ecowitt,281727,115,2026-05-29 09:30,76.1,76.1,73.8,93,0.222,100.9,2,0.00,0.01,-,0.02,0.02,3.29,5.24,0.6,2.5,56,30.04,29.91,,,,
2026-05-29 05:19:31,2026-05-29 05:19:31,ecowitt,281727,116,2026-05-29 09:35,76.0,76.0,73.8,93,0.215,126.0,2,0.00,0.01,-,0.02,0.02,3.29,5.24,0.1,2.5,59,30.03,29.91,,,,
2026-05-29 05:19:31,2026-05-29 05:19:31,ecowitt,281727,117,2026-05-29 09:40,76.4,76.4,74.2,93,0.217,193.6,3,0.00,0.01,-,0.02,0.02,3.29,5.24,0.0,2.5,88,30.03,29.90,,,,
2026-05-29 05:19:31,2026-05-29 05:19:31,ecowitt,281727,118,2026-05-29 09:45,76.6,76.6,74.2,93,0.232,180.8,3,0.00,0.01,-,0.02,0.02,3.29,5.24,0.1,2.5,59,30.03,29.90,,,,
2026-05-29 05:19:31,2026-05-29 05:19:31,ecowitt,281727,119,2026-05-29 09:50,76.6,76.6,74.3,93,0.232,175.2,3,0.00,0.01,-,0.02,0.02,3.29,5.24,0.4,2.5,96,30.02,29.90,,,,
2026-05-29 05:19:31,2026-05-29 05:19:31,ecowitt,281727,120,2026-05-29 09:55,76.9,76.9,74.7,93,0.226,176.7,3,0.00,0.01,-,0.02,0.02,3.29,5.24,0.1,2.5,95,30.02,29.89,,,,
2026-05-29 05:19:31,2026-05-29 05:19:31,ecowitt,281727,121,2026-05-29 10:00,77.1,77.1,74.7,92,0.248,149.9,2,0.00,0.00,-,0.02,0.02,3.29,5.24,0.0,2.5,78,30.02,29.90,,,,
2026-05-29 05:19:31,2026-05-29 05:19:31,ecowitt,281727,122,2026-05-29 10:05,77.0,77.0,74.5,92,0.254,80.1,1,0.00,0.00,-,0.02,0.02,3.29,5.24,0.0,2.5,69,30.02,29.90,,,,
2026-05-29 05:19:31,2026-05-29 05:19:31,ecowitt,281727,123,2026-05-29 10:10,77.0,77.0,74.5,92,0.253,89.4,1,0.00,0.00,-,0.02,0.02,3.29,5.24,0.2,2.5,131,30.02,29.90,,,,
2026-05-29 05:19:31,2026-05-29 05:19:31,ecowitt,281727,124,2026-05-29 10:15,77.0,77.0,74.5,92,0.254,83.7,1,0.00,0.00,-,0.02,0.02,3.29,5.24,0.1,2.5,76,30.02,29.90,,,,
2026-05-29 05:19:31,2026-05-29 05:19:31,ecowitt,281727,125,2026-05-29 10:20,77.0,77.0,74.5,92,0.254,88.9,1,0.00,0.00,-,0.02,0.02,3.29,5.24,0.0,0.0,75,30.01,29.89,,,,
2026-05-29 05:19:31,2026-05-29 05:19:31,ecowitt,281727,126,2026-05-29 10:25,77.0,77.0,74.4,92,0.260,91.6,1,0.00,0.00,-,0.02,0.02,3.29,5.24,0.0,2.5,84,30.01,29.89,,,,
2026-05-29 05:19:31,2026-05-29 05:19:31,ecowitt,281727,127,2026-05-29 10:30,77.1,77.1,74.5,92,0.267,110.5,2,0.00,0.00,-,0.02,0.02,3.29,5.24,0.0,0.0,75,30.01,29.89,,,,
2026-05-29 05:19:31,2026-05-29 05:19:31,ecowitt,281727,128,2026-05-29 10:35,77.0,77.0,74.2,91,0.285,131.8,2,0.00,0.00,-,0.02,0.02,3.29,5.24,0.0,2.5,101,30.01,29.88,,,,
2026-05-29 05:19:31,2026-05-29 05:19:31,ecowitt,281727,129,2026-05-29 10:40,77.3,77.3,74.5,91,0.288,131.8,2,0.00,0.00,-,0.02,0.02,3.29,5.24,0.0,2.5,336,30.01,29.88,,,,
2026-05-29 05:19:31,2026-05-29 05:19:31,ecowitt,281727,130,2026-05-29 10:45,77.4,77.4,74.6,91,0.289,150.9,2,0.07,0.01,-,0.04,0.04,3.31,5.26,0.0,0.0,78,30.00,29.88,,,,
2026-05-29 05:19:31,2026-05-29 05:19:31,ecowitt,281727,131,2026-05-29 10:50,77.6,77.6,74.5,90,0.317,174.8,3,0.07,0.01,-,0.04,0.04,3.31,5.26,0.0,2.5,78,30.00,29.88,,,,
2026-05-29 05:19:31,2026-05-29 05:19:31,ecowitt,281727,132,2026-05-29 10:55,78.0,78.0,75.1,91,0.308,196.0,3,0.07,0.01,-,0.04,0.04,3.31,5.26,0.0,0.0,66,29.99,29.87,,,,
2026-05-29 05:19:31,2026-05-29 05:19:31,ecowitt,281727,133,2026-05-29 11:00,78.3,78.3,75.1,90,0.332,216.7,3,0.00,0.00,-,0.04,0.04,3.31,5.26,0.0,0.0,68,29.98,29.86,,,,
2026-05-29 05:19:31,2026-05-29 05:19:31,ecowitt,281727,134,2026-05-29 11:05,78.8,78.8,75.4,89,0.356,246.9,4,0.00,0.00,-,0.04,0.04,3.31,5.26,0.0,0.0,77,29.98,29.86,,,,
2026-05-29 05:19:31,2026-05-29 05:19:31,ecowitt,281727,135,2026-05-29 11:10,79.5,79.5,76.1,89,0.372,286.7,4,0.00,0.00,-,0.04,0.04,3.31,5.26,0.0,0.0,83,29.98,29.86,,,,
2026-05-29 05:19:31,2026-05-29 05:19:31,ecowitt,281727,136,2026-05-29 11:15,80.1,84.5,75.9,87,0.449,327.1,5,0.00,0.00,-,0.04,0.04,3.31,5.26,0.0,0.0,78,29.98,29.85,,,,
2026-05-29 05:19:31,2026-05-29 05:19:31,ecowitt,281727,137,2026-05-29 11:20,80.3,85.8,75.8,86,0.487,384.5,6,0.00,0.00,-,0.04,0.04,3.31,5.26,0.0,0.0,59,29.97,29.85,,,,
2026-05-29 05:19:31,2026-05-29 05:19:31,ecowitt,281727,138,2026-05-29 11:25,80.7,86.8,76.1,86,0.501,440.4,6,0.00,0.00,-,0.04,0.04,3.31,5.26,0.0,0.0,73,29.96,29.84,,,,
2026-05-29 05:19:31,2026-05-29 05:19:31,ecowitt,281727,139,2026-05-29 11:30,81.5,88.7,76.4,84,0.574,476.1,6,0.00,0.00,-,0.04,0.04,3.31,5.26,0.0,0.0,64,29.97,29.84,,,,
2026-05-29 05:19:31,2026-05-29 05:19:31,ecowitt,281727,140,2026-05-29 11:35,82.2,90.3,76.8,84,0.608,485.6,6,0.00,0.00,-,0.04,0.04,3.31,5.26,0.0,0.0,62,29.96,29.84,,,,
2026-05-29 05:19:31,2026-05-29 05:19:31,ecowitt,281727,141,2026-05-29 11:40,83.6,94.0,77.8,83,0.677,582.2,7,0.00,0.00,-,0.04,0.04,3.31,5.26,0.0,0.0,57,29.95,29.83,,,,
2026-05-29 05:19:31,2026-05-29 05:19:31,ecowitt,281727,142,2026-05-29 11:45,84.4,94.7,77.2,79,0.855,621.8,8,0.00,0.00,-,0.04,0.04,3.31,5.26,0.0,0.0,81,29.95,29.82,,,,
2026-05-29 05:19:31,2026-05-29 05:19:31,ecowitt,281727,143,2026-05-29 11:50,85.0,96.3,77.7,79,0.870,646.8,8,0.00,0.00,-,0.04,0.04,3.31,5.26,0.0,0.0,74,29.95,29.82,,,,
2026-05-29 05:19:31,2026-05-29 05:19:31,ecowitt,281727,144,2026-05-29 11:55,86.7,100.3,78.6,77,0.988,637.9,8,0.00,0.00,-,0.04,0.04,3.31,5.26,0.0,0.0,58,29.94,29.82,,,,
2026-05-29 05:19:31,2026-05-29 05:19:31,ecowitt,281727,145,2026-05-29 12:00,87.3,100.7,78.1,74,1.143,603.7,7,0.00,0.00,-,0.04,0.04,3.31,5.26,0.0,0.0,78,29.94,29.82,,,,
2026-05-29 05:19:31,2026-05-29 05:19:31,ecowitt,281727,146,2026-05-29 12:05,88.3,103.7,79.1,74,1.169,580.8,7,0.00,0.00,-,0.04,0.04,3.31,5.26,0.0,0.0,83,29.94,29.81,,,,
2026-05-29 05:19:31,2026-05-29 05:19:31,ecowitt,281727,147,2026-05-29 12:10,88.4,103.6,78.9,74,1.210,575.5,7,0.00,0.00,-,0.04,0.04,3.31,5.26,0.0,0.0,47,29.94,29.81,,,,
2026-05-29 05:19:31,2026-05-29 05:19:31,ecowitt,281727,148,2026-05-29 12:15,,,,,,,,,,,,,,,,,,,,,,,
2026-05-29 05:19:31,2026-05-29 05:19:31,ecowitt,281727,149,2026-05-29 12:20,,,,,,,,,,,,,,,,,,,,,,,
2026-05-29 05:19:31,2026-05-29 05:19:31,ecowitt,281727,150,2026-05-29 12:25,,,,,,,,,,,,,,,,,,,,,,,
2026-05-29 05:19:31,2026-05-29 05:19:31,ecowitt,281727,151,2026-05-29 12:30,,,,,,,,,,,,,,,,,,,,,,,
2026-05-29 05:19:31,2026-05-29 05:19:31,ecowitt,281727,152,2026-05-29 12:35,,,,,,,,,,,,,,,,,,,,,,,
2026-05-29 05:19:31,2026-05-29 05:19:31,ecowitt,281727,153,2026-05-29 12:40,,,,,,,,,,,,,,,,,,,,,,,
2026-05-29 05:19:31,2026-05-29 05:19:31,ecowitt,281727,154,2026-05-29 12:45,,,,,,,,,,,,,,,,,,,,,,,
2026-05-29 05:19:31,2026-05-29 05:19:31,ecowitt,281727,155,2026-05-29 12:50,,,,,,,,,,,,,,,,,,,,,,,
2026-05-29 05:19:31,2026-05-29 05:19:31,ecowitt,281727,156,2026-05-29 12:55,,,,,,,,,,,,,,,,,,,,,,,
2026-05-29 05:19:31,2026-05-29 05:19:31,ecowitt,281727,157,2026-05-29 13:00,,,,,,,,,,,,,,,,,,,,,,,
2026-05-29 05:19:31,2026-05-29 05:19:31,ecowitt,281727,158,2026-05-29 13:05,,,,,,,,,,,,,,,,,,,,,,,
2026-05-29 05:19:31,2026-05-29 05:19:31,ecowitt,281727,159,2026-05-29 13:10,,,,,,,,,,,,,,,,,,,,,,,
2026-05-29 05:19:31,2026-05-29 05:19:31,ecowitt,281727,160,2026-05-29 13:15,,,,,,,,,,,,,,,,,,,,,,,
2026-05-29 05:19:31,2026-05-29 05:19:31,ecowitt,281727,161,2026-05-29 13:20,,,,,,,,,,,,,,,,,,,,,,,
2026-05-29 05:19:31,2026-05-29 05:19:31,ecowitt,281727,162,2026-05-29 13:25,,,,,,,,,,,,,,,,,,,,,,,
2026-05-29 05:19:31,2026-05-29 05:19:31,ecowitt,281727,163,2026-05-29 13:30,,,,,,,,,,,,,,,,,,,,,,,
2026-05-29 05:19:31,2026-05-29 05:19:31,ecowitt,281727,164,2026-05-29 13:35,,,,,,,,,,,,,,,,,,,,,,,
2026-05-29 05:19:31,2026-05-29 05:19:31,ecowitt,281727,165,2026-05-29 13:40,,,,,,,,,,,,,,,,,,,,,,,
2026-05-29 05:19:31,2026-05-29 05:19:31,ecowitt,281727,166,2026-05-29 13:45,,,,,,,,,,,,,,,,,,,,,,,
2026-05-29 05:19:31,2026-05-29 05:19:31,ecowitt,281727,167,2026-05-29 13:50,,,,,,,,,,,,,,,,,,,,,,,
2026-05-29 05:19:31,2026-05-29 05:19:31,ecowitt,281727,168,2026-05-29 13:55,,,,,,,,,,,,,,,,,,,,,,,
2026-05-29 05:19:31,2026-05-29 05:19:31,ecowitt,281727,169,2026-05-29 14:00,,,,,,,,,,,,,,,,,,,,,,,
2026-05-29 05:19:31,2026-05-29 05:19:31,ecowitt,281727,170,2026-05-29 14:05,,,,,,,,,,,,,,,,,,,,,,,
2026-05-29 05:19:31,2026-05-29 05:19:31,ecowitt,281727,171,2026-05-29 14:10,,,,,,,,,,,,,,,,,,,,,,,
2026-05-29 05:19:31,2026-05-29 05:19:31,ecowitt,281727,172,2026-05-29 14:15,,,,,,,,,,,,,,,,,,,,,,,
2026-05-29 05:19:31,2026-05-29 05:19:31,ecowitt,281727,173,2026-05-29 14:20,,,,,,,,,,,,,,,,,,,,,,,
2026-05-29 05:19:31,2026-05-29 05:19:31,ecowitt,281727,174,2026-05-29 14:25,,,,,,,,,,,,,,,,,,,,,,,
2026-05-29 05:19:31,2026-05-29 05:19:31,ecowitt,281727,175,2026-05-29 14:30,,,,,,,,,,,,,,,,,,,,,,,
2026-05-29 05:19:31,2026-05-29 05:19:31,ecowitt,281727,176,2026-05-29 14:35,,,,,,,,,,,,,,,,,,,,,,,
2026-05-29 05:19:31,2026-05-29 05:19:31,ecowitt,281727,177,2026-05-29 14:40,,,,,,,,,,,,,,,,,,,,,,,
2026-05-29 05:19:31,2026-05-29 05:19:31,ecowitt,281727,178,2026-05-29 14:45,,,,,,,,,,,,,,,,,,,,,,,
2026-05-29 05:19:31,2026-05-29 05:19:31,ecowitt,281727,179,2026-05-29 14:50,,,,,,,,,,,,,,,,,,,,,,,
2026-05-29 05:19:31,2026-05-29 05:19:31,ecowitt,281727,180,2026-05-29 14:55,,,,,,,,,,,,,,,,,,,,,,,
2026-05-29 05:19:31,2026-05-29 05:19:31,ecowitt,281727,181,2026-05-29 15:00,,,,,,,,,,,,,,,,,,,,,,,
2026-05-29 05:19:31,2026-05-29 05:19:31,ecowitt,281727,182,2026-05-29 15:05,,,,,,,,,,,,,,,,,,,,,,,
2026-05-29 05:19:31,2026-05-29 05:19:31,ecowitt,281727,183,2026-05-29 15:10,,,,,,,,,,,,,,,,,,,,,,,
2026-05-29 05:19:31,2026-05-29 05:19:31,ecowitt,281727,184,2026-05-29 15:15,,,,,,,,,,,,,,,,,,,,,,,
2026-05-29 05:19:31,2026-05-29 05:19:31,ecowitt,281727,185,2026-05-29 15:20,,,,,,,,,,,,,,,,,,,,,,,
2026-05-29 05:19:31,2026-05-29 05:19:31,ecowitt,281727,186,2026-05-29 15:25,,,,,,,,,,,,,,,,,,,,,,,
2026-05-29 05:19:31,2026-05-29 05:19:31,ecowitt,281727,187,2026-05-29 15:30,,,,,,,,,,,,,,,,,,,,,,,
2026-05-29 05:19:31,2026-05-29 05:19:31,ecowitt,281727,188,2026-05-29 15:35,,,,,,,,,,,,,,,,,,,,,,,
2026-05-29 05:19:31,2026-05-29 05:19:31,ecowitt,281727,189,2026-05-29 15:40,,,,,,,,,,,,,,,,,,,,,,,
2026-05-29 05:19:31,2026-05-29 05:19:31,ecowitt,281727,190,2026-05-29 15:45,,,,,,,,,,,,,,,,,,,,,,,
2026-05-29 05:19:31,2026-05-29 05:19:31,ecowitt,281727,191,2026-05-29 15:50,,,,,,,,,,,,,,,,,,,,,,,
2026-05-29 05:19:31,2026-05-29 05:19:31,ecowitt,281727,192,2026-05-29 15:55,,,,,,,,,,,,,,,,,,,,,,,
2026-05-29 05:19:31,2026-05-29 05:19:31,ecowitt,281727,193,2026-05-29 16:00,,,,,,,,,,,,,,,,,,,,,,,
2026-05-29 05:19:31,2026-05-29 05:19:31,ecowitt,281727,194,2026-05-29 16:05,,,,,,,,,,,,,,,,,,,,,,,
2026-05-29 05:19:31,2026-05-29 05:19:31,ecowitt,281727,195,2026-05-29 16:10,,,,,,,,,,,,,,,,,,,,,,,
2026-05-29 05:19:31,2026-05-29 05:19:31,ecowitt,281727,196,2026-05-29 16:15,,,,,,,,,,,,,,,,,,,,,,,
2026-05-29 05:19:31,2026-05-29 05:19:31,ecowitt,281727,197,2026-05-29 16:20,,,,,,,,,,,,,,,,,,,,,,,
2026-05-29 05:19:31,2026-05-29 05:19:31,ecowitt,281727,198,2026-05-29 16:25,,,,,,,,,,,,,,,,,,,,,,,
2026-05-29 05:19:31,2026-05-29 05:19:31,ecowitt,281727,199,2026-05-29 16:30,,,,,,,,,,,,,,,,,,,,,,,
2026-05-29 05:19:31,2026-05-29 05:19:31,ecowitt,281727,200,2026-05-29 16:35,,,,,,,,,,,,,,,,,,,,,,,
2026-05-29 05:19:31,2026-05-29 05:19:31,ecowitt,281727,201,2026-05-29 16:40,,,,,,,,,,,,,,,,,,,,,,,
2026-05-29 05:19:31,2026-05-29 05:19:31,ecowitt,281727,202,2026-05-29 16:45,,,,,,,,,,,,,,,,,,,,,,,
2026-05-29 05:19:31,2026-05-29 05:19:31,ecowitt,281727,203,2026-05-29 16:50,,,,,,,,,,,,,,,,,,,,,,,
2026-05-29 05:19:31,2026-05-29 05:19:31,ecowitt,281727,204,2026-05-29 16:55,,,,,,,,,,,,,,,,,,,,,,,
2026-05-29 05:19:31,2026-05-29 05:19:31,ecowitt,281727,205,2026-05-29 17:00,,,,,,,,,,,,,,,,,,,,,,,
2026-05-29 05:19:31,2026-05-29 05:19:31,ecowitt,281727,206,2026-05-29 17:05,,,,,,,,,,,,,,,,,,,,,,,
2026-05-29 05:19:31,2026-05-29 05:19:31,ecowitt,281727,207,2026-05-29 17:10,,,,,,,,,,,,,,,,,,,,,,,
2026-05-29 05:19:31,2026-05-29 05:19:31,ecowitt,281727,208,2026-05-29 17:15,,,,,,,,,,,,,,,,,,,,,,,
2026-05-29 05:19:31,2026-05-29 05:19:31,ecowitt,281727,209,2026-05-29 17:20,,,,,,,,,,,,,,,,,,,,,,,
2026-05-29 05:19:31,2026-05-29 05:19:31,ecowitt,281727,210,2026-05-29 17:25,,,,,,,,,,,,,,,,,,,,,,,
2026-05-29 05:19:31,2026-05-29 05:19:31,ecowitt,281727,211,2026-05-29 17:30,,,,,,,,,,,,,,,,,,,,,,,
2026-05-29 05:19:31,2026-05-29 05:19:31,ecowitt,281727,212,2026-05-29 17:35,,,,,,,,,,,,,,,,,,,,,,,
2026-05-29 05:19:31,2026-05-29 05:19:31,ecowitt,281727,213,2026-05-29 17:40,,,,,,,,,,,,,,,,,,,,,,,
2026-05-29 05:19:31,2026-05-29 05:19:31,ecowitt,281727,214,2026-05-29 17:45,,,,,,,,,,,,,,,,,,,,,,,
2026-05-29 05:19:31,2026-05-29 05:19:31,ecowitt,281727,215,2026-05-29 17:50,,,,,,,,,,,,,,,,,,,,,,,
2026-05-29 05:19:31,2026-05-29 05:19:31,ecowitt,281727,216,2026-05-29 17:55,,,,,,,,,,,,,,,,,,,,,,,
2026-05-29 05:19:31,2026-05-29 05:19:31,ecowitt,281727,217,2026-05-29 18:00,,,,,,,,,,,,,,,,,,,,,,,
2026-05-29 05:19:31,2026-05-29 05:19:31,ecowitt,281727,218,2026-05-29 18:05,,,,,,,,,,,,,,,,,,,,,,,
2026-05-29 05:19:31,2026-05-29 05:19:31,ecowitt,281727,219,2026-05-29 18:10,,,,,,,,,,,,,,,,,,,,,,,
2026-05-29 05:19:31,2026-05-29 05:19:31,ecowitt,281727,220,2026-05-29 18:15,,,,,,,,,,,,,,,,,,,,,,,
2026-05-29 05:19:31,2026-05-29 05:19:31,ecowitt,281727,221,2026-05-29 18:20,,,,,,,,,,,,,,,,,,,,,,,
2026-05-29 05:19:31,2026-05-29 05:19:31,ecowitt,281727,222,2026-05-29 18:25,,,,,,,,,,,,,,,,,,,,,,,
2026-05-29 05:19:31,2026-05-29 05:19:31,ecowitt,281727,223,2026-05-29 18:30,,,,,,,,,,,,,,,,,,,,,,,
2026-05-29 05:19:31,2026-05-29 05:19:31,ecowitt,281727,224,2026-05-29 18:35,,,,,,,,,,,,,,,,,,,,,,,
2026-05-29 05:19:31,2026-05-29 05:19:31,ecowitt,281727,225,2026-05-29 18:40,,,,,,,,,,,,,,,,,,,,,,,
2026-05-29 05:19:31,2026-05-29 05:19:31,ecowitt,281727,226,2026-05-29 18:45,,,,,,,,,,,,,,,,,,,,,,,
2026-05-29 05:19:31,2026-05-29 05:19:31,ecowitt,281727,227,2026-05-29 18:50,,,,,,,,,,,,,,,,,,,,,,,
2026-05-29 05:19:31,2026-05-29 05:19:31,ecowitt,281727,228,2026-05-29 18:55,,,,,,,,,,,,,,,,,,,,,,,
2026-05-29 05:19:31,2026-05-29 05:19:31,ecowitt,281727,229,2026-05-29 19:00,,,,,,,,,,,,,,,,,,,,,,,
2026-05-29 05:19:31,2026-05-29 05:19:31,ecowitt,281727,230,2026-05-29 19:05,,,,,,,,,,,,,,,,,,,,,,,
2026-05-29 05:19:31,2026-05-29 05:19:31,ecowitt,281727,231,2026-05-29 19:10,,,,,,,,,,,,,,,,,,,,,,,
2026-05-29 05:19:31,2026-05-29 05:19:31,ecowitt,281727,232,2026-05-29 19:15,,,,,,,,,,,,,,,,,,,,,,,
2026-05-29 05:19:31,2026-05-29 05:19:31,ecowitt,281727,233,2026-05-29 19:20,,,,,,,,,,,,,,,,,,,,,,,
2026-05-29 05:19:31,2026-05-29 05:19:31,ecowitt,281727,234,2026-05-29 19:25,,,,,,,,,,,,,,,,,,,,,,,
2026-05-29 05:19:31,2026-05-29 05:19:31,ecowitt,281727,235,2026-05-29 19:30,,,,,,,,,,,,,,,,,,,,,,,
2026-05-29 05:19:31,2026-05-29 05:19:31,ecowitt,281727,236,2026-05-29 19:35,,,,,,,,,,,,,,,,,,,,,,,
2026-05-29 05:19:31,2026-05-29 05:19:31,ecowitt,281727,237,2026-05-29 19:40,,,,,,,,,,,,,,,,,,,,,,,
2026-05-29 05:19:31,2026-05-29 05:19:31,ecowitt,281727,238,2026-05-29 19:45,,,,,,,,,,,,,,,,,,,,,,,
2026-05-29 05:19:31,2026-05-29 05:19:31,ecowitt,281727,239,2026-05-29 19:50,,,,,,,,,,,,,,,,,,,,,,,
2026-05-29 05:19:31,2026-05-29 05:19:31,ecowitt,281727,240,2026-05-29 19:55,,,,,,,,,,,,,,,,,,,,,,,
2026-05-29 05:19:31,2026-05-29 05:19:31,ecowitt,281727,241,2026-05-29 20:00,,,,,,,,,,,,,,,,,,,,,,,
2026-05-29 05:19:31,2026-05-29 05:19:31,ecowitt,281727,242,2026-05-29 20:05,,,,,,,,,,,,,,,,,,,,,,,
2026-05-29 05:19:31,2026-05-29 05:19:31,ecowitt,281727,243,2026-05-29 20:10,,,,,,,,,,,,,,,,,,,,,,,
2026-05-29 05:19:31,2026-05-29 05:19:31,ecowitt,281727,244,2026-05-29 20:15,,,,,,,,,,,,,,,,,,,,,,,
2026-05-29 05:19:31,2026-05-29 05:19:31,ecowitt,281727,245,2026-05-29 20:20,,,,,,,,,,,,,,,,,,,,,,,
2026-05-29 05:19:31,2026-05-29 05:19:31,ecowitt,281727,246,2026-05-29 20:25,,,,,,,,,,,,,,,,,,,,,,,
2026-05-29 05:19:31,2026-05-29 05:19:31,ecowitt,281727,247,2026-05-29 20:30,,,,,,,,,,,,,,,,,,,,,,,
2026-05-29 05:19:31,2026-05-29 05:19:31,ecowitt,281727,248,2026-05-29 20:35,,,,,,,,,,,,,,,,,,,,,,,
2026-05-29 05:19:31,2026-05-29 05:19:31,ecowitt,281727,249,2026-05-29 20:40,,,,,,,,,,,,,,,,,,,,,,,
2026-05-29 05:19:31,2026-05-29 05:19:31,ecowitt,281727,250,2026-05-29 20:45,,,,,,,,,,,,,,,,,,,,,,,
2026-05-29 05:19:31,2026-05-29 05:19:31,ecowitt,281727,251,2026-05-29 20:50,,,,,,,,,,,,,,,,,,,,,,,
2026-05-29 05:19:31,2026-05-29 05:19:31,ecowitt,281727,252,2026-05-29 20:55,,,,,,,,,,,,,,,,,,,,,,,
2026-05-29 05:19:31,2026-05-29 05:19:31,ecowitt,281727,253,2026-05-29 21:00,,,,,,,,,,,,,,,,,,,,,,,
2026-05-29 05:19:31,2026-05-29 05:19:31,ecowitt,281727,254,2026-05-29 21:05,,,,,,,,,,,,,,,,,,,,,,,
2026-05-29 05:19:31,2026-05-29 05:19:31,ecowitt,281727,255,2026-05-29 21:10,,,,,,,,,,,,,,,,,,,,,,,
2026-05-29 05:19:31,2026-05-29 05:19:31,ecowitt,281727,256,2026-05-29 21:15,,,,,,,,,,,,,,,,,,,,,,,
2026-05-29 05:19:31,2026-05-29 05:19:31,ecowitt,281727,257,2026-05-29 21:20,,,,,,,,,,,,,,,,,,,,,,,
2026-05-29 05:19:31,2026-05-29 05:19:31,ecowitt,281727,258,2026-05-29 21:25,,,,,,,,,,,,,,,,,,,,,,,
2026-05-29 05:19:31,2026-05-29 05:19:31,ecowitt,281727,259,2026-05-29 21:30,,,,,,,,,,,,,,,,,,,,,,,
2026-05-29 05:19:31,2026-05-29 05:19:31,ecowitt,281727,260,2026-05-29 21:35,,,,,,,,,,,,,,,,,,,,,,,
2026-05-29 05:19:31,2026-05-29 05:19:31,ecowitt,281727,261,2026-05-29 21:40,,,,,,,,,,,,,,,,,,,,,,,
2026-05-29 05:19:31,2026-05-29 05:19:31,ecowitt,281727,262,2026-05-29 21:45,,,,,,,,,,,,,,,,,,,,,,,
2026-05-29 05:19:31,2026-05-29 05:19:31,ecowitt,281727,263,2026-05-29 21:50,,,,,,,,,,,,,,,,,,,,,,,
2026-05-29 05:19:31,2026-05-29 05:19:31,ecowitt,281727,264,2026-05-29 21:55,,,,,,,,,,,,,,,,,,,,,,,
2026-05-29 05:19:31,2026-05-29 05:19:31,ecowitt,281727,265,2026-05-29 22:00,,,,,,,,,,,,,,,,,,,,,,,
2026-05-29 05:19:31,2026-05-29 05:19:31,ecowitt,281727,266,2026-05-29 22:05,,,,,,,,,,,,,,,,,,,,,,,
2026-05-29 05:19:31,2026-05-29 05:19:31,ecowitt,281727,267,2026-05-29 22:10,,,,,,,,,,,,,,,,,,,,,,,
2026-05-29 05:19:31,2026-05-29 05:19:31,ecowitt,281727,268,2026-05-29 22:15,,,,,,,,,,,,,,,,,,,,,,,
2026-05-29 05:19:31,2026-05-29 05:19:31,ecowitt,281727,269,2026-05-29 22:20,,,,,,,,,,,,,,,,,,,,,,,
2026-05-29 05:19:31,2026-05-29 05:19:31,ecowitt,281727,270,2026-05-29 22:25,,,,,,,,,,,,,,,,,,,,,,,
2026-05-29 05:19:31,2026-05-29 05:19:31,ecowitt,281727,271,2026-05-29 22:30,,,,,,,,,,,,,,,,,,,,,,,
2026-05-29 05:19:31,2026-05-29 05:19:31,ecowitt,281727,272,2026-05-29 22:35,,,,,,,,,,,,,,,,,,,,,,,
2026-05-29 05:19:31,2026-05-29 05:19:31,ecowitt,281727,273,2026-05-29 22:40,,,,,,,,,,,,,,,,,,,,,,,
2026-05-29 05:19:31,2026-05-29 05:19:31,ecowitt,281727,274,2026-05-29 22:45,,,,,,,,,,,,,,,,,,,,,,,
2026-05-29 05:19:31,2026-05-29 05:19:31,ecowitt,281727,275,2026-05-29 22:50,,,,,,,,,,,,,,,,,,,,,,,
2026-05-29 05:19:31,2026-05-29 05:19:31,ecowitt,281727,276,2026-05-29 22:55,,,,,,,,,,,,,,,,,,,,,,,
2026-05-29 05:19:31,2026-05-29 05:19:31,ecowitt,281727,277,2026-05-29 23:00,,,,,,,,,,,,,,,,,,,,,,,
2026-05-29 05:19:31,2026-05-29 05:19:31,ecowitt,281727,278,2026-05-29 23:05,,,,,,,,,,,,,,,,,,,,,,,
2026-05-29 05:19:31,2026-05-29 05:19:31,ecowitt,281727,279,2026-05-29 23:10,,,,,,,,,,,,,,,,,,,,,,,
2026-05-29 05:19:31,2026-05-29 05:19:31,ecowitt,281727,280,2026-05-29 23:15,,,,,,,,,,,,,,,,,,,,,,,
2026-05-29 05:19:31,2026-05-29 05:19:31,ecowitt,281727,281,2026-05-29 23:20,,,,,,,,,,,,,,,,,,,,,,,
2026-05-29 05:19:31,2026-05-29 05:19:31,ecowitt,281727,282,2026-05-29 23:25,,,,,,,,,,,,,,,,,,,,,,,
2026-05-29 05:19:31,2026-05-29 05:19:31,ecowitt,281727,283,2026-05-29 23:30,,,,,,,,,,,,,,,,,,,,,,,
2026-05-29 05:19:31,2026-05-29 05:19:31,ecowitt,281727,284,2026-05-29 23:35,,,,,,,,,,,,,,,,,,,,,,,
2026-05-29 05:19:31,2026-05-29 05:19:31,ecowitt,281727,285,2026-05-29 23:40,,,,,,,,,,,,,,,,,,,,,,,
2026-05-29 05:19:31,2026-05-29 05:19:31,ecowitt,281727,286,2026-05-29 23:45,,,,,,,,,,,,,,,,,,,,,,,
2026-05-29 05:19:31,2026-05-29 05:19:31,ecowitt,281727,287,2026-05-29 23:50,,,,,,,,,,,,,,,,,,,,,,,
2026-05-29 05:19:31,2026-05-29 05:19:31,ecowitt,281727,288,2026-05-29 23:55,,,,,,,,,,,,,,,,,,,,,,,
2026-05-29 05:19:31,2026-05-29 05:19:31,ecowitt,281727,289,2026-05-29 23:59,,,,,,,,,,,,,,,,,,,,,,,
2026-05-29 05:19:31,2026-05-29 05:19:31,ecowitt,323414,1,2026-05-29 00:00,79.5,79.5,76.9,92,0.281,0.0,0,0.07,0.00,-,0.00,0.66,4.13,4.13,0.0,0.0,207,29.92,29.85,82.4,89.5,75.2,79
2026-05-29 05:19:31,2026-05-29 05:19:31,ecowitt,323414,2,2026-05-29 00:05,79.5,79.5,77.0,92,0.274,0.0,0,0.07,0.00,-,0.00,0.66,4.13,4.13,0.0,0.0,214,29.91,29.85,82.4,89.5,75.2,79
2026-05-29 05:19:31,2026-05-29 05:19:31,ecowitt,323414,3,2026-05-29 00:10,79.5,79.5,77.1,92,0.261,0.0,0,0.00,0.00,-,0.00,0.66,4.13,4.13,0.0,0.0,226,29.91,29.85,82.4,89.7,75.4,80
2026-05-29 05:19:31,2026-05-29 05:19:31,ecowitt,323414,4,2026-05-29 00:15,79.4,79.4,76.9,92,0.274,0.0,0,0.00,0.00,-,0.00,0.66,4.13,4.13,0.0,0.0,226,29.91,29.84,82.4,89.8,75.6,80
2026-05-29 05:19:31,2026-05-29 05:19:31,ecowitt,323414,5,2026-05-29 00:20,79.5,79.5,77.2,92,0.261,0.0,0,0.00,0.00,-,0.00,0.66,4.13,4.13,0.0,0.0,225,29.90,29.84,82.4,89.7,75.6,80
2026-05-29 05:19:31,2026-05-29 05:19:31,ecowitt,323414,6,2026-05-29 00:25,79.6,79.6,77.1,92,0.276,0.0,0,0.00,0.00,-,0.00,0.66,4.13,4.13,0.0,0.0,225,29.90,29.83,82.4,89.8,75.6,80
2026-05-29 05:19:31,2026-05-29 05:19:31,ecowitt,323414,7,2026-05-29 00:30,79.5,79.5,77.3,93,0.241,0.0,0,0.00,0.00,-,0.00,0.66,4.13,4.13,0.0,0.0,226,29.89,29.83,82.4,89.8,75.6,80
2026-05-29 05:19:31,2026-05-29 05:19:31,ecowitt,323414,8,2026-05-29 00:35,79.4,79.4,77.2,93,0.240,0.0,0,0.00,0.00,-,0.00,0.66,4.13,4.13,0.0,0.0,226,29.89,29.82,82.2,89.3,75.4,80
2026-05-29 05:19:31,2026-05-29 05:19:31,ecowitt,323414,9,2026-05-29 00:40,79.3,79.3,77.0,93,0.247,0.0,0,0.00,0.00,-,0.00,0.66,4.13,4.13,0.0,0.0,226,29.89,29.82,82.4,89.7,75.6,80
2026-05-29 05:19:31,2026-05-29 05:19:31,ecowitt,323414,10,2026-05-29 00:45,79.3,79.3,77.1,93,0.240,0.0,0,0.00,0.00,-,0.00,0.66,4.13,4.13,0.0,0.0,226,29.89,29.82,82.4,89.8,75.6,80
2026-05-29 05:19:31,2026-05-29 05:19:31,ecowitt,323414,11,2026-05-29 00:50,79.3,79.3,77.1,93,0.240,0.0,0,0.00,0.00,-,0.00,0.66,4.13,4.13,0.0,0.0,225,29.89,29.82,82.2,89.4,75.4,80
2026-05-29 05:19:31,2026-05-29 05:19:31,ecowitt,323414,12,2026-05-29 00:55,79.5,79.5,77.3,93,0.240,0.0,0,0.00,0.00,-,0.00,0.66,4.13,4.13,0.0,0.0,229,29.88,29.82,82.0,89.1,75.7,81
2026-05-29 05:19:31,2026-05-29 05:19:31,ecowitt,323414,13,2026-05-29 01:00,79.5,79.5,77.1,92,0.261,0.0,0,0.00,0.00,-,0.00,0.66,4.13,4.13,0.0,0.0,231,29.88,29.81,82.0,89.1,75.6,81
2026-05-29 05:19:31,2026-05-29 05:19:31,ecowitt,323414,14,2026-05-29 01:05,79.3,79.3,76.5,91,0.301,0.0,0,0.00,0.00,-,0.00,0.66,4.13,4.13,0.0,0.0,231,29.88,29.81,82.0,89.0,75.6,81
2026-05-29 05:19:31,2026-05-29 05:19:31,ecowitt,323414,15,2026-05-29 01:10,79.5,79.5,76.9,92,0.281,0.0,0,0.00,0.00,-,0.00,0.66,4.13,4.13,0.0,0.0,231,29.88,29.81,82.0,89.0,75.6,81
2026-05-29 05:19:31,2026-05-29 05:19:31,ecowitt,323414,16,2026-05-29 01:15,79.5,79.5,77.2,93,0.254,0.0,0,0.00,0.00,-,0.00,0.66,4.13,4.13,0.0,0.0,231,29.88,29.81,82.2,89.4,75.8,81
2026-05-29 05:19:31,2026-05-29 05:19:31,ecowitt,323414,17,2026-05-29 01:20,79.4,79.4,77.2,93,0.240,0.0,0,0.00,0.00,-,0.00,0.66,4.13,4.13,0.0,0.0,231,29.88,29.82,82.3,89.7,75.9,81
2026-05-29 05:19:31,2026-05-29 05:19:31,ecowitt,323414,18,2026-05-29 01:25,79.4,79.4,77.2,93,0.240,0.0,0,0.00,0.00,-,0.00,0.66,4.13,4.13,0.0,0.0,231,29.88,29.82,82.4,90.1,76.0,81
2026-05-29 05:19:31,2026-05-29 05:19:31,ecowitt,323414,19,2026-05-29 01:30,79.4,79.4,77.0,92,0.261,0.0,0,0.00,0.00,-,0.00,0.66,4.13,4.13,0.0,0.0,231,29.88,29.81,82.5,90.4,76.1,81
2026-05-29 05:19:31,2026-05-29 05:19:31,ecowitt,323414,20,2026-05-29 01:35,79.3,79.3,76.7,92,0.281,0.0,0,0.00,0.00,-,0.00,0.66,4.13,4.13,0.0,0.0,229,29.87,29.81,82.5,90.3,76.1,81
2026-05-29 05:19:31,2026-05-29 05:19:31,ecowitt,323414,21,2026-05-29 01:40,79.3,79.3,76.5,91,0.301,0.0,0,0.00,0.00,-,0.00,0.66,4.13,4.13,0.0,0.0,227,29.87,29.81,82.4,90.1,76.0,81
2026-05-29 05:19:31,2026-05-29 05:19:31,ecowitt,323414,22,2026-05-29 01:45,79.3,79.3,77.0,93,0.254,0.0,0,0.00,0.00,-,0.00,0.66,4.13,4.13,0.0,0.0,227,29.87,29.80,82.4,90.1,76.0,81
2026-05-29 05:19:31,2026-05-29 05:19:31,ecowitt,323414,23,2026-05-29 01:50,79.2,79.2,77.0,93,0.237,0.0,0,0.00,0.00,-,0.00,0.66,4.13,4.13,0.0,0.0,227,29.87,29.80,82.4,90.1,76.0,81
2026-05-29 05:19:31,2026-05-29 05:19:31,ecowitt,323414,24,2026-05-29 01:55,79.0,79.0,76.8,93,0.237,0.0,0,0.00,0.00,-,0.00,0.66,4.13,4.13,0.0,0.0,227,29.87,29.80,82.2,89.7,75.8,81
2026-05-29 05:19:31,2026-05-29 05:19:31,ecowitt,323414,25,2026-05-29 02:00,79.0,79.0,77.0,94,0.217,0.0,0,0.00,0.00,-,0.00,0.66,4.13,4.13,0.0,0.0,227,29.87,29.81,82.2,89.5,75.8,81
2026-05-29 05:19:31,2026-05-29 05:19:31,ecowitt,323414,26,2026-05-29 02:05,78.9,78.9,77.0,94,0.203,0.0,0,0.00,0.00,-,0.00,0.66,4.13,4.13,0.0,0.0,227,29.87,29.81,82.1,89.2,75.7,81
2026-05-29 05:19:31,2026-05-29 05:19:31,ecowitt,323414,27,2026-05-29 02:10,79.0,79.0,77.1,94,0.203,0.0,0,0.00,0.00,-,0.00,0.66,4.13,4.13,0.0,0.0,227,29.87,29.81,82.0,89.0,75.6,81
2026-05-29 05:19:31,2026-05-29 05:19:31,ecowitt,323414,28,2026-05-29 02:15,79.0,79.0,77.1,94,0.203,0.0,0,0.00,0.00,-,0.00,0.66,4.13,4.13,0.0,0.0,227,29.88,29.81,82.0,89.0,75.6,81
2026-05-29 05:19:31,2026-05-29 05:19:31,ecowitt,323414,29,2026-05-29 02:20,79.2,79.2,77.3,94,0.203,0.0,0,0.00,0.00,-,0.00,0.66,4.13,4.13,0.0,0.0,227,29.87,29.81,82.0,89.0,75.6,81
2026-05-29 05:19:31,2026-05-29 05:19:31,ecowitt,323414,30,2026-05-29 02:25,79.0,79.0,77.0,94,0.217,0.0,0,0.00,0.00,-,0.00,0.66,4.13,4.13,0.0,0.0,227,29.87,29.80,82.0,89.0,75.6,81
2026-05-29 05:19:31,2026-05-29 05:19:31,ecowitt,323414,31,2026-05-29 02:30,79.0,79.0,76.9,93,0.230,0.0,0,0.00,0.00,-,0.00,0.66,4.13,4.13,0.0,0.0,227,29.86,29.80,82.0,89.0,75.6,81
2026-05-29 05:19:31,2026-05-29 05:19:31,ecowitt,323414,32,2026-05-29 02:35,79.0,79.0,76.8,93,0.237,0.0,0,0.00,0.00,-,0.00,0.66,4.13,4.13,0.0,0.0,226,29.87,29.80,82.0,89.0,75.6,81
2026-05-29 05:19:31,2026-05-29 05:19:31,ecowitt,323414,33,2026-05-29 02:40,79.1,79.1,76.9,93,0.237,0.0,0,0.00,0.00,-,0.00,0.66,4.13,4.13,0.0,0.0,221,29.86,29.80,81.9,89.0,75.8,82
2026-05-29 05:19:31,2026-05-29 05:19:31,ecowitt,323414,34,2026-05-29 02:45,79.2,79.2,77.0,93,0.237,0.0,0,0.00,0.00,-,0.00,0.66,4.13,4.13,0.0,0.0,219,29.86,29.80,81.9,89.0,75.9,82
2026-05-29 05:19:31,2026-05-29 05:19:31,ecowitt,323414,35,2026-05-29 02:50,79.2,79.2,77.0,93,0.237,0.0,0,0.00,0.00,-,0.00,0.66,4.13,4.13,0.0,0.0,219,29.86,29.80,81.9,89.0,75.9,82
2026-05-29 05:19:31,2026-05-29 05:19:31,ecowitt,323414,36,2026-05-29 02:55,79.3,79.3,77.1,93,0.240,0.0,0,0.00,0.00,-,0.00,0.66,4.13,4.13,0.0,0.0,219,29.86,29.80,81.9,89.0,75.9,82
2026-05-29 05:19:31,2026-05-29 05:19:31,ecowitt,323414,37,2026-05-29 03:00,79.3,79.3,77.0,93,0.254,0.0,0,0.00,0.00,-,0.00,0.66,4.13,4.13,0.0,0.0,213,29.86,29.80,81.8,88.8,75.8,82
2026-05-29 05:19:31,2026-05-29 05:19:31,ecowitt,323414,38,2026-05-29 03:05,79.3,79.3,76.8,92,0.274,0.0,0,0.00,0.00,-,0.00,0.66,4.13,4.13,0.0,0.0,222,29.86,29.80,81.7,88.6,75.7,82
2026-05-29 05:19:31,2026-05-29 05:19:31,ecowitt,323414,39,2026-05-29 03:10,79.4,79.4,76.9,92,0.274,0.0,0,0.00,0.00,-,0.00,0.66,4.13,4.13,0.4,2.5,205,29.87,29.80,81.7,88.6,75.7,82
2026-05-29 05:19:31,2026-05-29 05:19:31,ecowitt,323414,40,2026-05-29 03:15,79.5,79.5,77.0,92,0.274,0.0,0,0.00,0.00,-,0.00,0.66,4.13,4.13,0.9,2.5,207,29.87,29.80,81.7,88.6,75.7,82
2026-05-29 05:19:31,2026-05-29 05:19:31,ecowitt,323414,41,2026-05-29 03:20,79.5,79.5,77.0,92,0.274,0.0,0,0.00,0.00,-,0.00,0.66,4.13,4.13,0.8,2.5,219,29.87,29.80,81.7,88.4,75.7,82
2026-05-29 05:19:31,2026-05-29 05:19:31,ecowitt,323414,42,2026-05-29 03:25,79.7,79.7,77.2,92,0.278,0.0,0,0.00,0.00,-,0.00,0.66,4.13,4.13,0.8,4.9,218,29.86,29.80,81.6,88.3,75.6,82
2026-05-29 05:19:31,2026-05-29 05:19:31,ecowitt,323414,43,2026-05-29 03:30,79.7,79.7,77.2,92,0.278,0.0,0,0.00,0.00,-,0.00,0.66,4.13,4.13,1.4,7.6,223,29.87,29.80,81.7,88.5,75.7,82
2026-05-29 05:19:31,2026-05-29 05:19:31,ecowitt,323414,44,2026-05-29 03:35,79.7,79.7,77.1,92,0.284,0.0,0,0.00,0.00,-,0.00,0.66,4.13,4.13,1.5,4.9,198,29.87,29.80,81.7,88.4,75.7,82
2026-05-29 05:19:31,2026-05-29 05:19:31,ecowitt,323414,45,2026-05-29 03:40,79.5,79.5,76.2,90,0.352,0.0,0,0.00,0.00,-,0.00,0.66,4.13,4.13,2.1,4.9,189,29.88,29.81,81.5,87.9,75.5,82
2026-05-29 05:19:31,2026-05-29 05:19:31,ecowitt,323414,46,2026-05-29 03:45,79.3,79.3,75.3,88,0.423,0.0,0,0.07,0.01,-,0.01,0.67,4.15,4.15,2.4,4.9,172,29.88,29.81,81.3,87.4,75.2,82
2026-05-29 05:19:31,2026-05-29 05:19:31,ecowitt,323414,47,2026-05-29 03:50,79.0,79.0,74.7,87,0.446,0.0,0,0.07,0.01,-,0.01,0.67,4.15,4.15,1.4,4.9,187,29.88,29.81,81.1,86.9,74.7,81
2026-05-29 05:19:31,2026-05-29 05:19:31,ecowitt,323414,48,2026-05-29 03:55,78.7,78.7,74.4,87,0.444,0.0,0,0.07,0.01,-,0.01,0.67,4.15,4.15,1.9,4.9,174,29.88,29.81,81.0,86.5,74.5,81
2026-05-29 05:19:31,2026-05-29 05:19:31,ecowitt,323414,49,2026-05-29 04:00,78.4,78.4,74.5,88,0.405,0.0,0,0.00,0.00,-,0.01,0.67,4.15,4.15,0.4,2.5,204,29.88,29.81,80.7,85.8,74.1,80
2026-05-29 05:19:31,2026-05-29 05:19:31,ecowitt,323414,50,2026-05-29 04:05,78.1,78.1,74.6,89,0.362,0.0,0,0.00,0.00,-,0.01,0.67,4.15,4.15,0.0,2.5,210,29.88,29.81,80.6,85.7,74.2,81
2026-05-29 05:19:31,2026-05-29 05:19:31,ecowitt,323414,51,2026-05-29 04:10,78.0,78.0,74.7,90,0.340,0.0,0,0.00,0.00,-,0.01,0.67,4.15,4.15,0.0,0.0,211,29.88,29.81,80.6,85.8,74.2,81
2026-05-29 05:19:31,2026-05-29 05:19:31,ecowitt,323414,52,2026-05-29 04:15,77.7,77.7,74.7,91,0.305,0.0,0,0.00,0.00,-,0.01,0.67,4.15,4.15,0.0,0.0,211,29.88,29.81,80.6,85.7,74.2,81
2026-05-29 05:19:31,2026-05-29 05:19:31,ecowitt,323414,53,2026-05-29 04:20,77.6,77.6,74.8,91,0.291,0.0,0,0.00,0.00,-,0.01,0.67,4.15,4.15,0.0,0.0,211,29.88,29.81,80.4,85.3,74.0,81
2026-05-29 05:19:31,2026-05-29 05:19:31,ecowitt,323414,54,2026-05-29 04:25,77.5,77.5,75.0,92,0.257,0.0,0,0.00,0.00,-,0.01,0.67,4.15,4.15,0.0,2.5,115,29.88,29.81,80.4,85.2,74.0,81
2026-05-29 05:19:31,2026-05-29 05:19:31,ecowitt,323414,55,2026-05-29 04:30,77.4,77.4,74.9,92,0.257,0.0,0,0.00,0.00,-,0.01,0.67,4.15,4.15,0.0,0.0,158,29.87,29.81,80.4,85.4,74.3,82
2026-05-29 05:19:31,2026-05-29 05:19:31,ecowitt,323414,56,2026-05-29 04:35,77.2,77.2,74.7,92,0.254,0.0,0,0.00,0.00,-,0.01,0.67,4.15,4.15,0.0,0.0,196,29.87,29.81,80.3,85.2,74.2,82
2026-05-29 05:19:31,2026-05-29 05:19:31,ecowitt,323414,57,2026-05-29 04:40,77.2,77.2,74.8,92,0.248,0.0,0,0.00,0.00,-,0.01,0.67,4.15,4.15,0.0,0.0,210,29.88,29.81,80.2,85.0,74.2,82
2026-05-29 05:19:31,2026-05-29 05:19:31,ecowitt,323414,58,2026-05-29 04:45,77.0,77.0,74.3,91,0.278,0.0,0,0.00,0.00,-,0.01,0.67,4.15,4.15,0.0,0.0,224,29.88,29.81,80.1,84.8,74.0,82
2026-05-29 05:19:31,2026-05-29 05:19:31,ecowitt,323414,59,2026-05-29 04:50,77.1,77.1,74.3,91,0.286,0.0,0,0.00,0.00,-,0.01,0.67,4.15,4.15,0.0,0.0,226,29.88,29.81,80.1,84.6,73.7,81
2026-05-29 05:19:31,2026-05-29 05:19:31,ecowitt,323414,60,2026-05-29 04:55,77.2,77.2,74.5,91,0.279,0.0,0,0.00,0.00,-,0.01,0.67,4.15,4.15,1.0,4.9,198,29.88,29.81,80.0,83.4,73.7,81
2026-05-29 05:19:31,2026-05-29 05:19:31,ecowitt,323414,61,2026-05-29 05:00,77.3,77.3,74.8,92,0.256,0.0,0,0.00,0.00,-,0.01,0.67,4.15,4.15,0.9,4.9,212,29.88,29.81,79.9,79.9,73.7,81
2026-05-29 05:19:31,2026-05-29 05:19:31,ecowitt,323414,62,2026-05-29 05:05,77.5,77.5,75.0,92,0.257,0.0,0,0.07,0.01,-,0.02,0.69,4.16,4.16,1.6,4.9,215,29.88,29.81,79.9,79.9,73.9,82
2026-05-29 05:19:31,2026-05-29 05:19:31,ecowitt,323414,63,2026-05-29 05:10,77.7,77.7,75.2,92,0.260,0.0,0,0.07,0.01,-,0.02,0.69,4.16,4.16,0.9,2.5,203,29.88,29.81,79.9,79.9,73.9,82
2026-05-29 05:19:31,2026-05-29 05:19:31,ecowitt,323414,64,2026-05-29 05:15,77.9,77.9,75.6,93,0.234,0.0,0,0.07,0.01,-,0.02,0.69,4.16,4.16,1.3,4.9,217,29.88,29.81,79.8,79.8,73.8,82
2026-05-29 05:19:31,2026-05-29 05:19:31,ecowitt,323414,65,2026-05-29 05:20,78.1,78.1,76.0,93,0.224,0.0,0,0.00,0.01,-,0.02,0.69,4.16,4.16,0.5,2.5,209,29.87,29.81,79.8,79.8,74.2,83
2026-05-29 05:19:31,2026-05-29 05:19:31,ecowitt,323414,66,2026-05-29 05:25,78.3,78.3,76.4,94,0.200,0.0,0,0.00,0.01,-,0.02,0.69,4.16,4.16,0.0,2.5,215,29.87,29.81,79.9,79.9,74.3,83
2026-05-29 05:19:31,2026-05-29 05:19:31,ecowitt,323414,67,2026-05-29 05:30,78.3,78.3,76.4,94,0.200,0.0,0,0.00,0.01,-,0.02,0.69,4.16,4.16,0.2,2.5,215,29.87,29.80,79.9,80.9,74.5,84
2026-05-29 05:19:31,2026-05-29 05:19:31,ecowitt,323414,68,2026-05-29 05:35,78.4,78.4,76.5,94,0.200,0.0,0,0.00,0.01,-,0.02,0.69,4.16,4.16,1.1,4.9,214,29.86,29.80,79.9,80.9,74.6,84
2026-05-29 05:19:31,2026-05-29 05:19:31,ecowitt,323414,69,2026-05-29 05:40,78.5,78.5,76.3,93,0.240,1.8,0,0.00,0.01,-,0.02,0.69,4.16,4.16,1.5,4.9,223,29.86,29.80,80.1,84.0,74.8,84
2026-05-29 05:19:31,2026-05-29 05:19:31,ecowitt,323414,70,2026-05-29 05:45,78.7,78.7,76.1,92,0.281,4.7,0,0.00,0.01,-,0.02,0.69,4.16,4.16,1.0,4.9,231,29.86,29.79,80.1,85.0,74.8,84
2026-05-29 05:19:31,2026-05-29 05:19:31,ecowitt,323414,71,2026-05-29 05:50,78.8,78.8,75.8,91,0.315,9.1,0,0.00,0.01,-,0.02,0.69,4.16,4.16,1.2,4.9,219,29.86,29.79,80.1,84.9,74.6,83
2026-05-29 05:19:31,2026-05-29 05:19:31,ecowitt,323414,72,2026-05-29 05:55,78.8,78.8,75.5,90,0.344,14.2,0,0.00,0.01,-,0.02,0.69,4.16,4.16,1.7,4.9,212,29.86,29.79,80.0,83.7,74.5,83
2026-05-29 05:19:31,2026-05-29 05:19:31,ecowitt,323414,73,2026-05-29 06:00,78.8,78.8,75.3,89,0.369,21.6,0,0.00,0.00,-,0.02,0.69,4.16,4.16,1.3,4.9,214,29.86,29.79,79.9,79.9,74.3,83
2026-05-29 05:19:31,2026-05-29 05:19:31,ecowitt,323414,74,2026-05-29 06:05,78.8,78.8,75.3,89,0.369,28.0,0,0.00,0.00,-,0.02,0.69,4.16,4.16,0.8,4.9,216,29.86,29.79,79.9,79.9,74.3,83
2026-05-29 05:19:31,2026-05-29 05:19:31,ecowitt,323414,75,2026-05-29 06:10,78.7,78.7,75.2,89,0.375,32.5,1,0.00,0.00,-,0.02,0.69,4.16,4.16,2.2,4.9,209,29.86,29.80,79.9,79.9,74.3,83
2026-05-29 05:19:31,2026-05-29 05:19:31,ecowitt,323414,76,2026-05-29 06:15,78.8,78.8,74.9,88,0.403,35.0,1,0.00,0.00,-,0.02,0.69,4.16,4.16,2.0,4.9,202,29.87,29.80,79.9,79.9,74.3,83
2026-05-29 05:19:31,2026-05-29 05:19:31,ecowitt,323414,77,2026-05-29 06:20,78.8,78.8,75.2,89,0.376,35.1,1,0.00,0.00,-,0.02,0.69,4.16,4.16,0.7,2.5,218,29.87,29.80,79.7,79.7,74.1,83
2026-05-29 05:19:31,2026-05-29 05:19:31,ecowitt,323414,78,2026-05-29 06:25,78.8,78.8,75.3,89,0.369,32.1,1,0.00,0.00,-,0.02,0.69,4.16,4.16,1.8,4.9,209,29.87,29.81,79.8,79.8,74.2,83
2026-05-29 05:19:31,2026-05-29 05:19:31,ecowitt,323414,79,2026-05-29 06:30,78.8,78.8,75.3,89,0.369,28.3,1,0.00,0.00,-,0.02,0.69,4.16,4.16,1.5,7.6,206,29.88,29.81,79.9,79.9,74.1,82
2026-05-29 05:19:31,2026-05-29 05:19:31,ecowitt,323414,80,2026-05-29 06:35,78.8,78.8,75.1,88,0.389,27.6,1,0.00,0.00,-,0.02,0.69,4.16,4.16,1.8,4.9,208,29.88,29.82,79.7,79.7,74.1,83
2026-05-29 05:19:31,2026-05-29 05:19:31,ecowitt,323414,81,2026-05-29 06:40,78.8,78.8,75.1,89,0.383,26.2,1,0.00,0.00,-,0.02,0.69,4.16,4.16,0.4,2.5,215,29.89,29.83,79.7,79.7,74.1,83
2026-05-29 05:19:31,2026-05-29 05:19:31,ecowitt,323414,82,2026-05-29 06:45,78.8,78.8,75.2,89,0.376,23.3,0,0.00,0.00,-,0.02,0.69,4.16,4.16,0.9,4.9,198,29.90,29.83,79.9,79.9,74.3,83
2026-05-29 05:19:31,2026-05-29 05:19:31,ecowitt,323414,83,2026-05-29 06:50,78.9,78.9,75.3,89,0.378,17.2,0,0.00,0.00,-,0.02,0.69,4.16,4.16,0.0,0.0,213,29.91,29.84,80.1,83.9,74.5,83
2026-05-29 05:19:31,2026-05-29 05:19:31,ecowitt,323414,84,2026-05-29 06:55,78.8,78.8,75.3,89,0.370,12.2,0,0.00,0.00,-,0.02,0.69,4.16,4.16,0.3,2.5,207,29.91,29.84,80.2,85.0,74.5,83
2026-05-29 05:19:31,2026-05-29 05:19:31,ecowitt,323414,85,2026-05-29 07:00,78.8,78.8,75.4,89,0.356,19.6,0,0.00,0.00,-,0.02,0.69,4.16,4.16,0.0,0.0,214,29.91,29.85,80.2,85.1,74.6,83
2026-05-29 05:19:31,2026-05-29 05:19:31,ecowitt,323414,86,2026-05-29 07:05,78.8,78.8,75.5,90,0.349,26.5,1,0.00,0.00,-,0.02,0.69,4.16,4.16,0.0,2.5,214,29.91,29.85,80.2,85.1,74.6,83
2026-05-29 05:19:31,2026-05-29 05:19:31,ecowitt,323414,87,2026-05-29 07:10,78.8,78.8,75.3,89,0.369,33.8,1,0.00,0.00,-,0.02,0.69,4.16,4.16,0.0,0.0,214,29.91,29.85,80.2,85.0,74.6,83
2026-05-29 05:19:31,2026-05-29 05:19:31,ecowitt,323414,88,2026-05-29 07:15,78.9,78.9,75.4,89,0.370,38.2,1,0.00,0.00,-,0.02,0.69,4.16,4.16,0.3,2.5,212,29.91,29.85,80.2,85.1,74.6,83
2026-05-29 05:19:31,2026-05-29 05:19:31,ecowitt,323414,89,2026-05-29 07:20,79.0,79.0,75.5,89,0.373,38.8,1,0.00,0.00,-,0.02,0.69,4.16,4.16,0.0,0.0,225,29.91,29.84,80.2,85.2,74.6,83
2026-05-29 05:19:31,2026-05-29 05:19:31,ecowitt,323414,90,2026-05-29 07:25,79.0,79.0,75.5,89,0.373,40.6,1,0.00,0.00,-,0.02,0.69,4.16,4.16,0.0,2.5,215,29.91,29.84,80.4,85.4,74.5,82
2026-05-29 05:19:31,2026-05-29 05:19:31,ecowitt,323414,91,2026-05-29 07:30,79.2,79.2,75.7,89,0.373,42.7,1,0.00,0.00,-,0.02,0.69,4.16,4.16,0.0,0.0,220,29.91,29.85,80.2,85.1,74.5,83
2026-05-29 05:19:31,2026-05-29 05:19:31,ecowitt,323414,92,2026-05-29 07:35,79.2,79.2,75.8,89,0.366,46.0,1,0.00,0.00,-,0.02,0.69,4.16,4.16,0.0,0.0,220,29.92,29.85,80.3,85.3,74.7,83
2026-05-29 05:19:31,2026-05-29 05:19:31,ecowitt,323414,93,2026-05-29 07:40,79.2,79.2,75.9,90,0.352,49.2,1,0.00,0.00,-,0.02,0.69,4.16,4.16,0.0,0.0,220,29.92,29.85,80.4,85.6,74.8,83
2026-05-29 05:19:31,2026-05-29 05:19:31,ecowitt,323414,94,2026-05-29 07:45,79.3,79.3,76.1,90,0.341,51.0,1,0.00,0.00,-,0.02,0.69,4.16,4.16,0.0,0.0,220,29.92,29.85,80.6,85.9,75.0,83
2026-05-29 05:19:31,2026-05-29 05:19:31,ecowitt,323414,95,2026-05-29 07:50,79.2,79.2,75.8,89,0.366,52.4,1,0.00,0.00,-,0.02,0.69,4.16,4.16,0.0,0.0,220,29.92,29.86,80.5,85.8,74.9,83
2026-05-29 05:19:31,2026-05-29 05:19:31,ecowitt,323414,96,2026-05-29 07:55,79.2,79.2,76.0,90,0.347,54.3,1,0.00,0.00,-,0.02,0.69,4.16,4.16,0.0,0.0,220,29.92,29.86,80.4,85.6,74.8,83
2026-05-29 05:19:31,2026-05-29 05:19:31,ecowitt,323414,97,2026-05-29 08:00,79.3,79.3,76.1,90,0.341,56.0,1,0.00,0.00,-,0.02,0.69,4.16,4.16,0.0,0.0,220,29.93,29.86,80.4,85.6,74.8,83
2026-05-29 05:19:31,2026-05-29 05:19:31,ecowitt,323414,98,2026-05-29 08:05,79.4,79.4,76.2,90,0.344,58.2,1,0.00,0.00,-,0.02,0.69,4.16,4.16,0.0,0.0,220,29.93,29.86,80.6,85.9,75.0,83
2026-05-29 05:19:31,2026-05-29 05:19:31,ecowitt,323414,99,2026-05-29 08:10,79.5,79.5,76.3,90,0.345,60.7,1,0.00,0.00,-,0.02,0.69,4.16,4.16,0.0,0.0,220,29.93,29.86,80.6,86.0,75.0,83
2026-05-29 05:19:31,2026-05-29 05:19:31,ecowitt,323414,100,2026-05-29 08:15,79.4,79.4,76.3,90,0.337,61.5,1,0.00,0.00,-,0.02,0.69,4.16,4.16,0.0,0.0,230,29.94,29.87,80.6,85.9,75.0,83
2026-05-29 05:19:31,2026-05-29 05:19:31,ecowitt,323414,101,2026-05-29 08:20,79.3,79.3,76.2,90,0.327,54.2,1,0.00,0.00,-,0.02,0.69,4.16,4.16,0.8,2.5,329,29.94,29.88,80.6,86.0,75.1,83
2026-05-29 05:19:31,2026-05-29 05:19:31,ecowitt,323414,102,2026-05-29 08:25,79.1,79.1,76.3,91,0.305,34.1,1,0.00,0.00,-,0.02,0.69,4.16,4.16,2.8,7.6,346,29.96,29.89,80.6,86.1,75.2,84
2026-05-29 05:19:31,2026-05-29 05:19:31,ecowitt,323414,103,2026-05-29 08:30,79.0,79.0,75.4,89,0.379,13.0,0,0.00,0.00,-,0.02,0.69,4.16,4.16,3.9,10.1,336,29.97,29.90,80.4,85.7,74.8,83
2026-05-29 05:19:31,2026-05-29 05:19:31,ecowitt,323414,104,2026-05-29 08:35,78.8,78.8,73.8,85,0.511,21.1,0,0.00,0.00,-,0.02,0.69,4.16,4.16,7.2,12.5,3,29.97,29.90,80.1,83.8,74.0,82
2026-05-29 05:19:31,2026-05-29 05:19:31,ecowitt,323414,105,2026-05-29 08:40,78.1,78.1,72.9,84,0.526,17.9,0,0.00,0.00,-,0.02,0.69,4.16,4.16,9.3,22.6,353,29.98,29.91,79.8,79.8,73.2,81
2026-05-29 05:19:31,2026-05-29 05:19:31,ecowitt,323414,106,2026-05-29 08:45,77.4,77.4,72.9,86,0.450,16.4,0,0.00,0.00,-,0.02,0.69,4.16,4.16,4.4,10.1,27,29.98,29.92,79.4,79.4,72.7,80
2026-05-29 05:19:31,2026-05-29 05:19:31,ecowitt,323414,107,2026-05-29 08:50,76.7,76.7,72.6,87,0.402,21.3,0,0.00,0.00,-,0.02,0.69,4.16,4.16,3.0,7.6,7,29.97,29.92,78.9,78.9,72.2,80
2026-05-29 05:19:31,2026-05-29 05:19:31,ecowitt,323414,108,2026-05-29 08:55,76.4,76.4,72.6,88,0.373,24.3,0,0.00,0.00,-,0.02,0.69,4.16,4.16,4.1,7.6,325,29.92,29.92,78.6,78.6,72.3,81
2026-05-29 05:19:31,2026-05-29 05:19:31,ecowitt,323414,109,2026-05-29 09:00,75.8,75.8,72.8,91,0.290,46.0,1,0.07,0.00,-,0.04,0.70,4.17,4.17,4.3,12.5,355,29.92,29.92,78.4,78.4,72.1,81
2026-05-29 05:19:31,2026-05-29 05:19:31,ecowitt,323414,110,2026-05-29 09:05,75.7,75.7,73.0,91,0.262,90.6,1,0.14,0.01,-,0.05,0.71,4.18,4.18,2.1,7.6,9,29.92,29.92,78.2,78.2,72.2,82
2026-05-29 05:19:31,2026-05-29 05:19:31,ecowitt,323414,111,2026-05-29 09:10,75.7,75.7,73.2,92,0.244,90.6,1,0.07,0.01,-,0.05,0.71,4.18,4.18,3.8,7.6,5,29.92,29.92,78.3,78.3,72.4,82
2026-05-29 05:19:31,2026-05-29 05:19:31,ecowitt,323414,112,2026-05-29 09:15,75.9,75.9,73.5,92,0.232,67.2,1,0.07,0.02,-,0.06,0.72,4.19,4.19,2.1,10.1,63,29.91,29.92,78.9,78.9,72.7,81
2026-05-29 05:19:31,2026-05-29 05:19:31,ecowitt,323414,113,2026-05-29 09:20,76.0,76.0,73.8,93,0.215,74.8,1,0.07,0.02,-,0.06,0.72,4.19,4.19,1.7,4.9,316,29.91,29.92,78.8,78.8,73.1,83
2026-05-29 05:19:31,2026-05-29 05:19:31,ecowitt,323414,114,2026-05-29 09:25,76.0,76.0,73.7,93,0.221,82.9,1,0.07,0.02,-,0.06,0.72,4.19,4.19,2.1,4.9,40,29.91,29.92,79.5,79.5,73.5,82
2026-05-29 05:19:31,2026-05-29 05:19:31,ecowitt,323414,115,2026-05-29 09:30,76.1,76.1,73.9,93,0.217,86.1,1,0.00,0.02,-,0.06,0.72,4.19,4.19,1.2,4.9,197,29.91,29.92,79.3,79.3,73.3,82
2026-05-29 05:19:31,2026-05-29 05:19:31,ecowitt,323414,116,2026-05-29 09:35,76.3,76.3,74.0,93,0.223,75.7,1,0.07,0.04,-,0.07,0.73,4.21,4.21,0.6,2.5,108,29.91,29.91,79.2,79.2,73.2,82
2026-05-29 05:19:31,2026-05-29 05:19:31,ecowitt,323414,117,2026-05-29 09:40,76.3,76.3,73.7,92,0.253,70.3,1,0.14,0.05,-,0.08,0.74,4.22,4.22,1.8,7.6,35,29.91,29.91,79.2,79.2,73.2,82
2026-05-29 05:19:31,2026-05-29 05:19:31,ecowitt,323414,118,2026-05-29 09:45,76.3,76.3,73.4,91,0.285,52.9,1,0.14,0.05,-,0.08,0.74,4.22,4.22,1.5,4.9,343,29.91,29.91,79.0,79.0,73.0,82
2026-05-29 05:19:31,2026-05-29 05:19:31,ecowitt,323414,119,2026-05-29 09:50,76.1,76.1,73.3,91,0.278,58.2,1,0.21,0.07,-,0.11,0.77,4.24,4.24,2.1,7.6,41,29.91,29.92,78.8,78.8,72.8,82
2026-05-29 05:19:31,2026-05-29 05:19:31,ecowitt,323414,120,2026-05-29 09:55,75.9,75.9,73.4,92,0.244,62.2,1,0.35,0.11,-,0.14,0.80,4.28,4.28,1.3,4.9,145,29.91,29.91,78.6,78.6,72.7,82
2026-05-29 05:19:31,2026-05-29 05:19:31,ecowitt,323414,121,2026-05-29 10:00,75.9,75.9,73.4,92,0.244,80.2,1,0.42,0.02,-,0.18,0.84,4.31,4.31,0.0,0.0,274,29.91,29.91,78.6,78.6,73.0,83
2026-05-29 05:19:31,2026-05-29 05:19:31,ecowitt,323414,122,2026-05-29 10:05,75.9,75.9,73.4,92,0.244,69.4,1,0.42,0.04,-,0.19,0.85,4.32,4.32,0.0,0.0,298,29.91,29.91,78.6,78.6,73.0,83
2026-05-29 05:19:31,2026-05-29 05:19:31,ecowitt,323414,123,2026-05-29 10:10,75.9,75.9,73.4,92,0.244,103.2,1,0.21,0.05,-,0.20,0.86,4.33,4.33,0.1,2.5,332,29.90,29.91,78.7,78.7,73.1,83
2026-05-29 05:19:31,2026-05-29 05:19:31,ecowitt,323414,124,2026-05-29 10:15,75.9,75.9,73.5,92,0.232,117.8,1,0.14,0.05,-,0.20,0.86,4.33,4.33,1.4,4.9,33,29.90,29.91,78.8,78.8,73.2,83
2026-05-29 05:19:31,2026-05-29 05:19:31,ecowitt,323414,125,2026-05-29 10:20,76.0,76.0,73.8,93,0.215,122.7,1,0.07,0.06,-,0.21,0.87,4.35,4.35,0.6,2.5,12,29.89,29.89,78.6,78.6,73.0,83
2026-05-29 05:19:31,2026-05-29 05:19:31,ecowitt,323414,126,2026-05-29 10:25,76.1,76.1,73.9,93,0.217,126.4,1,0.07,0.06,-,0.21,0.87,4.35,4.35,1.4,4.9,131,29.89,29.89,78.6,78.6,73.0,83
2026-05-29 05:19:31,2026-05-29 05:19:31,ecowitt,323414,127,2026-05-29 10:30,76.1,76.1,73.9,93,0.217,132.5,1,0.07,0.06,-,0.21,0.87,4.35,4.35,2.9,4.9,111,29.89,29.89,78.8,78.8,73.2,83
2026-05-29 05:19:31,2026-05-29 05:19:31,ecowitt,323414,128,2026-05-29 10:35,76.1,76.1,73.8,93,0.229,134.8,2,0.00,0.06,-,0.21,0.87,4.35,4.35,1.4,2.5,130,29.88,29.89,78.8,78.8,73.2,83
2026-05-29 05:19:31,2026-05-29 05:19:31,ecowitt,323414,129,2026-05-29 10:40,76.1,76.1,73.6,92,0.247,133.9,2,0.00,0.06,-,0.21,0.87,4.35,4.35,1.7,4.9,116,29.88,29.88,79.0,79.0,73.4,83
2026-05-29 05:19:31,2026-05-29 05:19:31,ecowitt,323414,130,2026-05-29 10:45,76.1,76.1,73.6,92,0.247,129.9,1,0.00,0.06,-,0.21,0.87,4.35,4.35,2.0,4.9,118,29.88,29.88,78.9,78.9,73.3,83
2026-05-29 05:19:31,2026-05-29 05:19:31,ecowitt,323414,131,2026-05-29 10:50,76.1,76.1,73.6,92,0.247,134.0,2,0.00,0.06,-,0.21,0.87,4.35,4.35,0.6,2.5,112,29.87,29.88,78.8,78.8,73.2,83
2026-05-29 05:19:31,2026-05-29 05:19:31,ecowitt,323414,132,2026-05-29 10:55,76.4,76.4,74.0,92,0.235,144.6,2,0.00,0.06,-,0.21,0.87,4.35,4.35,0.5,2.5,119,29.87,29.87,78.8,78.8,73.2,83
2026-05-29 05:19:31,2026-05-29 05:19:31,ecowitt,323414,133,2026-05-29 11:00,76.5,76.5,73.9,92,0.263,162.8,2,0.00,0.00,-,0.21,0.87,4.35,4.35,0.6,2.5,103,29.87,29.87,79.0,79.0,73.4,83
2026-05-29 05:19:31,2026-05-29 05:19:31,ecowitt,323414,134,2026-05-29 11:05,76.7,76.7,74.1,92,0.257,194.9,2,0.00,0.00,-,0.21,0.87,4.35,4.35,0.3,2.5,158,29.87,29.87,79.0,79.0,73.4,83
2026-05-29 05:19:31,2026-05-29 05:19:31,ecowitt,323414,135,2026-05-29 11:10,77.0,77.0,74.1,91,0.292,214.1,2,0.00,0.00,-,0.21,0.87,4.35,4.35,0.9,2.5,123,29.86,29.87,79.2,79.2,73.6,83
2026-05-29 05:19:31,2026-05-29 05:19:31,ecowitt,323414,136,2026-05-29 11:15,77.2,77.2,74.0,90,0.312,220.5,2,0.00,0.00,-,0.21,0.87,4.35,4.35,0.7,2.5,101,29.86,29.87,79.3,79.3,73.7,83
2026-05-29 05:19:31,2026-05-29 05:19:31,ecowitt,323414,137,2026-05-29 11:20,77.4,77.4,74.1,90,0.334,224.1,2,0.00,0.00,-,0.21,0.87,4.35,4.35,0.1,2.5,113,29.86,29.86,79.5,79.5,73.7,82
2026-05-29 05:19:31,2026-05-29 05:19:31,ecowitt,323414,138,2026-05-29 11:25,77.8,77.8,74.4,89,0.345,232.6,3,0.00,0.00,-,0.21,0.87,4.35,4.35,0.2,2.5,95,29.85,29.85,79.7,79.7,73.7,82
2026-05-29 05:19:31,2026-05-29 05:19:31,ecowitt,323414,139,2026-05-29 11:30,78.1,78.1,74.3,88,0.387,244.5,3,0.00,0.00,-,0.21,0.87,4.35,4.35,0.0,0.0,122,29.85,29.85,79.9,79.9,73.9,82
2026-05-29 05:19:31,2026-05-29 05:19:31,ecowitt,323414,140,2026-05-29 11:35,78.6,78.6,74.7,88,0.401,259.6,3,0.00,0.00,-,0.21,0.87,4.35,4.35,0.0,0.0,8,29.84,29.84,80.1,84.7,74.1,82
2026-05-29 05:19:31,2026-05-29 05:19:31,ecowitt,323414,141,2026-05-29 11:40,79.0,79.0,74.9,87,0.434,276.4,3,0.00,0.00,-,0.21,0.87,4.35,4.35,0.0,0.0,237,29.83,29.84,80.2,84.9,74.2,82
2026-05-29 05:19:31,2026-05-29 05:19:31,ecowitt,323414,142,2026-05-29 11:45,79.3,79.3,74.5,86,0.496,289.7,3,0.00,0.00,-,0.21,0.87,4.35,4.35,0.4,2.5,3,29.83,29.83,80.2,85.0,74.2,82
2026-05-29 05:19:31,2026-05-29 05:19:31,ecowitt,323414,143,2026-05-29 11:50,79.2,79.2,74.7,86,0.484,309.6,4,0.00,0.00,-,0.21,0.87,4.35,4.35,0.4,2.5,130,29.83,29.83,80.3,85.1,74.1,81
2026-05-29 05:19:31,2026-05-29 05:19:31,ecowitt,323414,144,2026-05-29 11:55,79.7,79.7,74.7,85,0.526,336.5,4,0.00,0.00,-,0.21,0.87,4.35,4.35,0.0,2.5,169,29.83,29.84,80.5,85.5,74.2,81
2026-05-29 05:19:31,2026-05-29 05:19:31,ecowitt,323414,145,2026-05-29 12:00,80.5,85.8,75.0,83,0.589,366.0,4,0.00,0.00,-,0.21,0.87,4.35,4.35,0.2,2.5,219,29.83,29.84,80.7,85.9,74.3,81
2026-05-29 05:19:31,2026-05-29 05:19:31,ecowitt,323414,146,2026-05-29 12:05,81.3,87.3,74.8,81,0.702,394.6,5,0.00,0.00,-,0.21,0.87,4.35,4.35,0.2,2.5,223,29.83,29.83,80.8,86.3,74.5,81
2026-05-29 05:19:31,2026-05-29 05:19:31,ecowitt,323414,147,2026-05-29 12:10,81.9,88.5,74.9,79,0.765,437.5,5,0.00,0.00,-,0.21,0.87,4.35,4.35,0.0,0.0,207,29.82,29.83,81.1,86.9,74.7,81
2026-05-29 05:19:31,2026-05-29 05:19:31,ecowitt,323414,148,2026-05-29 12:15,,,,,,,,,,,,,,,,,,,,,,,
2026-05-29 05:19:31,2026-05-29 05:19:31,ecowitt,323414,149,2026-05-29 12:20,,,,,,,,,,,,,,,,,,,,,,,
2026-05-29 05:19:31,2026-05-29 05:19:31,ecowitt,323414,150,2026-05-29 12:25,,,,,,,,,,,,,,,,,,,,,,,
2026-05-29 05:19:31,2026-05-29 05:19:31,ecowitt,323414,151,2026-05-29 12:30,,,,,,,,,,,,,,,,,,,,,,,
2026-05-29 05:19:31,2026-05-29 05:19:31,ecowitt,323414,152,2026-05-29 12:35,,,,,,,,,,,,,,,,,,,,,,,
2026-05-29 05:19:31,2026-05-29 05:19:31,ecowitt,323414,153,2026-05-29 12:40,,,,,,,,,,,,,,,,,,,,,,,
2026-05-29 05:19:31,2026-05-29 05:19:31,ecowitt,323414,154,2026-05-29 12:45,,,,,,,,,,,,,,,,,,,,,,,
2026-05-29 05:19:31,2026-05-29 05:19:31,ecowitt,323414,155,2026-05-29 12:50,,,,,,,,,,,,,,,,,,,,,,,
2026-05-29 05:19:31,2026-05-29 05:19:31,ecowitt,323414,156,2026-05-29 12:55,,,,,,,,,,,,,,,,,,,,,,,
2026-05-29 05:19:31,2026-05-29 05:19:31,ecowitt,323414,157,2026-05-29 13:00,,,,,,,,,,,,,,,,,,,,,,,
2026-05-29 05:19:31,2026-05-29 05:19:31,ecowitt,323414,158,2026-05-29 13:05,,,,,,,,,,,,,,,,,,,,,,,
2026-05-29 05:19:31,2026-05-29 05:19:31,ecowitt,323414,159,2026-05-29 13:10,,,,,,,,,,,,,,,,,,,,,,,
2026-05-29 05:19:31,2026-05-29 05:19:31,ecowitt,323414,160,2026-05-29 13:15,,,,,,,,,,,,,,,,,,,,,,,
2026-05-29 05:19:31,2026-05-29 05:19:31,ecowitt,323414,161,2026-05-29 13:20,,,,,,,,,,,,,,,,,,,,,,,
2026-05-29 05:19:31,2026-05-29 05:19:31,ecowitt,323414,162,2026-05-29 13:25,,,,,,,,,,,,,,,,,,,,,,,
2026-05-29 05:19:31,2026-05-29 05:19:31,ecowitt,323414,163,2026-05-29 13:30,,,,,,,,,,,,,,,,,,,,,,,
2026-05-29 05:19:31,2026-05-29 05:19:31,ecowitt,323414,164,2026-05-29 13:35,,,,,,,,,,,,,,,,,,,,,,,
2026-05-29 05:19:31,2026-05-29 05:19:31,ecowitt,323414,165,2026-05-29 13:40,,,,,,,,,,,,,,,,,,,,,,,
2026-05-29 05:19:31,2026-05-29 05:19:31,ecowitt,323414,166,2026-05-29 13:45,,,,,,,,,,,,,,,,,,,,,,,
2026-05-29 05:19:31,2026-05-29 05:19:31,ecowitt,323414,167,2026-05-29 13:50,,,,,,,,,,,,,,,,,,,,,,,
2026-05-29 05:19:31,2026-05-29 05:19:31,ecowitt,323414,168,2026-05-29 13:55,,,,,,,,,,,,,,,,,,,,,,,
2026-05-29 05:19:31,2026-05-29 05:19:31,ecowitt,323414,169,2026-05-29 14:00,,,,,,,,,,,,,,,,,,,,,,,
2026-05-29 05:19:31,2026-05-29 05:19:31,ecowitt,323414,170,2026-05-29 14:05,,,,,,,,,,,,,,,,,,,,,,,
2026-05-29 05:19:31,2026-05-29 05:19:31,ecowitt,323414,171,2026-05-29 14:10,,,,,,,,,,,,,,,,,,,,,,,
2026-05-29 05:19:31,2026-05-29 05:19:31,ecowitt,323414,172,2026-05-29 14:15,,,,,,,,,,,,,,,,,,,,,,,
2026-05-29 05:19:31,2026-05-29 05:19:31,ecowitt,323414,173,2026-05-29 14:20,,,,,,,,,,,,,,,,,,,,,,,
2026-05-29 05:19:31,2026-05-29 05:19:31,ecowitt,323414,174,2026-05-29 14:25,,,,,,,,,,,,,,,,,,,,,,,
2026-05-29 05:19:31,2026-05-29 05:19:31,ecowitt,323414,175,2026-05-29 14:30,,,,,,,,,,,,,,,,,,,,,,,
2026-05-29 05:19:31,2026-05-29 05:19:31,ecowitt,323414,176,2026-05-29 14:35,,,,,,,,,,,,,,,,,,,,,,,
2026-05-29 05:19:31,2026-05-29 05:19:31,ecowitt,323414,177,2026-05-29 14:40,,,,,,,,,,,,,,,,,,,,,,,
2026-05-29 05:19:31,2026-05-29 05:19:31,ecowitt,323414,178,2026-05-29 14:45,,,,,,,,,,,,,,,,,,,,,,,
2026-05-29 05:19:31,2026-05-29 05:19:31,ecowitt,323414,179,2026-05-29 14:50,,,,,,,,,,,,,,,,,,,,,,,
2026-05-29 05:19:31,2026-05-29 05:19:31,ecowitt,323414,180,2026-05-29 14:55,,,,,,,,,,,,,,,,,,,,,,,
2026-05-29 05:19:31,2026-05-29 05:19:31,ecowitt,323414,181,2026-05-29 15:00,,,,,,,,,,,,,,,,,,,,,,,
2026-05-29 05:19:31,2026-05-29 05:19:31,ecowitt,323414,182,2026-05-29 15:05,,,,,,,,,,,,,,,,,,,,,,,
2026-05-29 05:19:31,2026-05-29 05:19:31,ecowitt,323414,183,2026-05-29 15:10,,,,,,,,,,,,,,,,,,,,,,,
2026-05-29 05:19:31,2026-05-29 05:19:31,ecowitt,323414,184,2026-05-29 15:15,,,,,,,,,,,,,,,,,,,,,,,
2026-05-29 05:19:31,2026-05-29 05:19:31,ecowitt,323414,185,2026-05-29 15:20,,,,,,,,,,,,,,,,,,,,,,,
2026-05-29 05:19:31,2026-05-29 05:19:31,ecowitt,323414,186,2026-05-29 15:25,,,,,,,,,,,,,,,,,,,,,,,
2026-05-29 05:19:31,2026-05-29 05:19:31,ecowitt,323414,187,2026-05-29 15:30,,,,,,,,,,,,,,,,,,,,,,,
2026-05-29 05:19:31,2026-05-29 05:19:31,ecowitt,323414,188,2026-05-29 15:35,,,,,,,,,,,,,,,,,,,,,,,
2026-05-29 05:19:31,2026-05-29 05:19:31,ecowitt,323414,189,2026-05-29 15:40,,,,,,,,,,,,,,,,,,,,,,,
2026-05-29 05:19:31,2026-05-29 05:19:31,ecowitt,323414,190,2026-05-29 15:45,,,,,,,,,,,,,,,,,,,,,,,
2026-05-29 05:19:31,2026-05-29 05:19:31,ecowitt,323414,191,2026-05-29 15:50,,,,,,,,,,,,,,,,,,,,,,,
2026-05-29 05:19:31,2026-05-29 05:19:31,ecowitt,323414,192,2026-05-29 15:55,,,,,,,,,,,,,,,,,,,,,,,
2026-05-29 05:19:31,2026-05-29 05:19:31,ecowitt,323414,193,2026-05-29 16:00,,,,,,,,,,,,,,,,,,,,,,,
2026-05-29 05:19:31,2026-05-29 05:19:31,ecowitt,323414,194,2026-05-29 16:05,,,,,,,,,,,,,,,,,,,,,,,
2026-05-29 05:19:31,2026-05-29 05:19:31,ecowitt,323414,195,2026-05-29 16:10,,,,,,,,,,,,,,,,,,,,,,,
2026-05-29 05:19:31,2026-05-29 05:19:31,ecowitt,323414,196,2026-05-29 16:15,,,,,,,,,,,,,,,,,,,,,,,
2026-05-29 05:19:31,2026-05-29 05:19:31,ecowitt,323414,197,2026-05-29 16:20,,,,,,,,,,,,,,,,,,,,,,,
2026-05-29 05:19:31,2026-05-29 05:19:31,ecowitt,323414,198,2026-05-29 16:25,,,,,,,,,,,,,,,,,,,,,,,
2026-05-29 05:19:31,2026-05-29 05:19:31,ecowitt,323414,199,2026-05-29 16:30,,,,,,,,,,,,,,,,,,,,,,,
2026-05-29 05:19:31,2026-05-29 05:19:31,ecowitt,323414,200,2026-05-29 16:35,,,,,,,,,,,,,,,,,,,,,,,
2026-05-29 05:19:31,2026-05-29 05:19:31,ecowitt,323414,201,2026-05-29 16:40,,,,,,,,,,,,,,,,,,,,,,,
2026-05-29 05:19:31,2026-05-29 05:19:31,ecowitt,323414,202,2026-05-29 16:45,,,,,,,,,,,,,,,,,,,,,,,
2026-05-29 05:19:31,2026-05-29 05:19:31,ecowitt,323414,203,2026-05-29 16:50,,,,,,,,,,,,,,,,,,,,,,,
2026-05-29 05:19:31,2026-05-29 05:19:31,ecowitt,323414,204,2026-05-29 16:55,,,,,,,,,,,,,,,,,,,,,,,
2026-05-29 05:19:31,2026-05-29 05:19:31,ecowitt,323414,205,2026-05-29 17:00,,,,,,,,,,,,,,,,,,,,,,,
2026-05-29 05:19:31,2026-05-29 05:19:31,ecowitt,323414,206,2026-05-29 17:05,,,,,,,,,,,,,,,,,,,,,,,
2026-05-29 05:19:31,2026-05-29 05:19:31,ecowitt,323414,207,2026-05-29 17:10,,,,,,,,,,,,,,,,,,,,,,,
2026-05-29 05:19:31,2026-05-29 05:19:31,ecowitt,323414,208,2026-05-29 17:15,,,,,,,,,,,,,,,,,,,,,,,
2026-05-29 05:19:31,2026-05-29 05:19:31,ecowitt,323414,209,2026-05-29 17:20,,,,,,,,,,,,,,,,,,,,,,,
2026-05-29 05:19:31,2026-05-29 05:19:31,ecowitt,323414,210,2026-05-29 17:25,,,,,,,,,,,,,,,,,,,,,,,
2026-05-29 05:19:31,2026-05-29 05:19:31,ecowitt,323414,211,2026-05-29 17:30,,,,,,,,,,,,,,,,,,,,,,,
2026-05-29 05:19:31,2026-05-29 05:19:31,ecowitt,323414,212,2026-05-29 17:35,,,,,,,,,,,,,,,,,,,,,,,
2026-05-29 05:19:31,2026-05-29 05:19:31,ecowitt,323414,213,2026-05-29 17:40,,,,,,,,,,,,,,,,,,,,,,,
2026-05-29 05:19:31,2026-05-29 05:19:31,ecowitt,323414,214,2026-05-29 17:45,,,,,,,,,,,,,,,,,,,,,,,
2026-05-29 05:19:31,2026-05-29 05:19:31,ecowitt,323414,215,2026-05-29 17:50,,,,,,,,,,,,,,,,,,,,,,,
2026-05-29 05:19:31,2026-05-29 05:19:31,ecowitt,323414,216,2026-05-29 17:55,,,,,,,,,,,,,,,,,,,,,,,
2026-05-29 05:19:31,2026-05-29 05:19:31,ecowitt,323414,217,2026-05-29 18:00,,,,,,,,,,,,,,,,,,,,,,,
2026-05-29 05:19:31,2026-05-29 05:19:31,ecowitt,323414,218,2026-05-29 18:05,,,,,,,,,,,,,,,,,,,,,,,
2026-05-29 05:19:31,2026-05-29 05:19:31,ecowitt,323414,219,2026-05-29 18:10,,,,,,,,,,,,,,,,,,,,,,,
2026-05-29 05:19:31,2026-05-29 05:19:31,ecowitt,323414,220,2026-05-29 18:15,,,,,,,,,,,,,,,,,,,,,,,
2026-05-29 05:19:31,2026-05-29 05:19:31,ecowitt,323414,221,2026-05-29 18:20,,,,,,,,,,,,,,,,,,,,,,,
2026-05-29 05:19:31,2026-05-29 05:19:31,ecowitt,323414,222,2026-05-29 18:25,,,,,,,,,,,,,,,,,,,,,,,
2026-05-29 05:19:31,2026-05-29 05:19:31,ecowitt,323414,223,2026-05-29 18:30,,,,,,,,,,,,,,,,,,,,,,,
2026-05-29 05:19:31,2026-05-29 05:19:31,ecowitt,323414,224,2026-05-29 18:35,,,,,,,,,,,,,,,,,,,,,,,
2026-05-29 05:19:31,2026-05-29 05:19:31,ecowitt,323414,225,2026-05-29 18:40,,,,,,,,,,,,,,,,,,,,,,,
2026-05-29 05:19:31,2026-05-29 05:19:31,ecowitt,323414,226,2026-05-29 18:45,,,,,,,,,,,,,,,,,,,,,,,
2026-05-29 05:19:31,2026-05-29 05:19:31,ecowitt,323414,227,2026-05-29 18:50,,,,,,,,,,,,,,,,,,,,,,,
2026-05-29 05:19:31,2026-05-29 05:19:31,ecowitt,323414,228,2026-05-29 18:55,,,,,,,,,,,,,,,,,,,,,,,
2026-05-29 05:19:31,2026-05-29 05:19:31,ecowitt,323414,229,2026-05-29 19:00,,,,,,,,,,,,,,,,,,,,,,,
2026-05-29 05:19:31,2026-05-29 05:19:31,ecowitt,323414,230,2026-05-29 19:05,,,,,,,,,,,,,,,,,,,,,,,
2026-05-29 05:19:31,2026-05-29 05:19:31,ecowitt,323414,231,2026-05-29 19:10,,,,,,,,,,,,,,,,,,,,,,,
2026-05-29 05:19:31,2026-05-29 05:19:31,ecowitt,323414,232,2026-05-29 19:15,,,,,,,,,,,,,,,,,,,,,,,
2026-05-29 05:19:31,2026-05-29 05:19:31,ecowitt,323414,233,2026-05-29 19:20,,,,,,,,,,,,,,,,,,,,,,,
2026-05-29 05:19:31,2026-05-29 05:19:31,ecowitt,323414,234,2026-05-29 19:25,,,,,,,,,,,,,,,,,,,,,,,
2026-05-29 05:19:31,2026-05-29 05:19:31,ecowitt,323414,235,2026-05-29 19:30,,,,,,,,,,,,,,,,,,,,,,,
2026-05-29 05:19:31,2026-05-29 05:19:31,ecowitt,323414,236,2026-05-29 19:35,,,,,,,,,,,,,,,,,,,,,,,
2026-05-29 05:19:31,2026-05-29 05:19:31,ecowitt,323414,237,2026-05-29 19:40,,,,,,,,,,,,,,,,,,,,,,,
2026-05-29 05:19:31,2026-05-29 05:19:31,ecowitt,323414,238,2026-05-29 19:45,,,,,,,,,,,,,,,,,,,,,,,
2026-05-29 05:19:31,2026-05-29 05:19:31,ecowitt,323414,239,2026-05-29 19:50,,,,,,,,,,,,,,,,,,,,,,,
2026-05-29 05:19:31,2026-05-29 05:19:31,ecowitt,323414,240,2026-05-29 19:55,,,,,,,,,,,,,,,,,,,,,,,
2026-05-29 05:19:31,2026-05-29 05:19:31,ecowitt,323414,241,2026-05-29 20:00,,,,,,,,,,,,,,,,,,,,,,,
2026-05-29 05:19:31,2026-05-29 05:19:31,ecowitt,323414,242,2026-05-29 20:05,,,,,,,,,,,,,,,,,,,,,,,
2026-05-29 05:19:31,2026-05-29 05:19:31,ecowitt,323414,243,2026-05-29 20:10,,,,,,,,,,,,,,,,,,,,,,,
2026-05-29 05:19:31,2026-05-29 05:19:31,ecowitt,323414,244,2026-05-29 20:15,,,,,,,,,,,,,,,,,,,,,,,
2026-05-29 05:19:31,2026-05-29 05:19:31,ecowitt,323414,245,2026-05-29 20:20,,,,,,,,,,,,,,,,,,,,,,,
2026-05-29 05:19:31,2026-05-29 05:19:31,ecowitt,323414,246,2026-05-29 20:25,,,,,,,,,,,,,,,,,,,,,,,
2026-05-29 05:19:31,2026-05-29 05:19:31,ecowitt,323414,247,2026-05-29 20:30,,,,,,,,,,,,,,,,,,,,,,,
2026-05-29 05:19:31,2026-05-29 05:19:31,ecowitt,323414,248,2026-05-29 20:35,,,,,,,,,,,,,,,,,,,,,,,
2026-05-29 05:19:31,2026-05-29 05:19:31,ecowitt,323414,249,2026-05-29 20:40,,,,,,,,,,,,,,,,,,,,,,,
2026-05-29 05:19:31,2026-05-29 05:19:31,ecowitt,323414,250,2026-05-29 20:45,,,,,,,,,,,,,,,,,,,,,,,
2026-05-29 05:19:31,2026-05-29 05:19:31,ecowitt,323414,251,2026-05-29 20:50,,,,,,,,,,,,,,,,,,,,,,,
2026-05-29 05:19:31,2026-05-29 05:19:31,ecowitt,323414,252,2026-05-29 20:55,,,,,,,,,,,,,,,,,,,,,,,
2026-05-29 05:19:31,2026-05-29 05:19:31,ecowitt,323414,253,2026-05-29 21:00,,,,,,,,,,,,,,,,,,,,,,,
2026-05-29 05:19:31,2026-05-29 05:19:31,ecowitt,323414,254,2026-05-29 21:05,,,,,,,,,,,,,,,,,,,,,,,
2026-05-29 05:19:31,2026-05-29 05:19:31,ecowitt,323414,255,2026-05-29 21:10,,,,,,,,,,,,,,,,,,,,,,,
2026-05-29 05:19:31,2026-05-29 05:19:31,ecowitt,323414,256,2026-05-29 21:15,,,,,,,,,,,,,,,,,,,,,,,
2026-05-29 05:19:31,2026-05-29 05:19:31,ecowitt,323414,257,2026-05-29 21:20,,,,,,,,,,,,,,,,,,,,,,,
2026-05-29 05:19:31,2026-05-29 05:19:31,ecowitt,323414,258,2026-05-29 21:25,,,,,,,,,,,,,,,,,,,,,,,
2026-05-29 05:19:31,2026-05-29 05:19:31,ecowitt,323414,259,2026-05-29 21:30,,,,,,,,,,,,,,,,,,,,,,,
2026-05-29 05:19:31,2026-05-29 05:19:31,ecowitt,323414,260,2026-05-29 21:35,,,,,,,,,,,,,,,,,,,,,,,
2026-05-29 05:19:31,2026-05-29 05:19:31,ecowitt,323414,261,2026-05-29 21:40,,,,,,,,,,,,,,,,,,,,,,,
2026-05-29 05:19:31,2026-05-29 05:19:31,ecowitt,323414,262,2026-05-29 21:45,,,,,,,,,,,,,,,,,,,,,,,
2026-05-29 05:19:31,2026-05-29 05:19:31,ecowitt,323414,263,2026-05-29 21:50,,,,,,,,,,,,,,,,,,,,,,,
2026-05-29 05:19:31,2026-05-29 05:19:31,ecowitt,323414,264,2026-05-29 21:55,,,,,,,,,,,,,,,,,,,,,,,
2026-05-29 05:19:31,2026-05-29 05:19:31,ecowitt,323414,265,2026-05-29 22:00,,,,,,,,,,,,,,,,,,,,,,,
2026-05-29 05:19:31,2026-05-29 05:19:31,ecowitt,323414,266,2026-05-29 22:05,,,,,,,,,,,,,,,,,,,,,,,
2026-05-29 05:19:31,2026-05-29 05:19:31,ecowitt,323414,267,2026-05-29 22:10,,,,,,,,,,,,,,,,,,,,,,,
2026-05-29 05:19:31,2026-05-29 05:19:31,ecowitt,323414,268,2026-05-29 22:15,,,,,,,,,,,,,,,,,,,,,,,
2026-05-29 05:19:31,2026-05-29 05:19:31,ecowitt,323414,269,2026-05-29 22:20,,,,,,,,,,,,,,,,,,,,,,,
2026-05-29 05:19:31,2026-05-29 05:19:31,ecowitt,323414,270,2026-05-29 22:25,,,,,,,,,,,,,,,,,,,,,,,
2026-05-29 05:19:31,2026-05-29 05:19:31,ecowitt,323414,271,2026-05-29 22:30,,,,,,,,,,,,,,,,,,,,,,,
2026-05-29 05:19:31,2026-05-29 05:19:31,ecowitt,323414,272,2026-05-29 22:35,,,,,,,,,,,,,,,,,,,,,,,
2026-05-29 05:19:31,2026-05-29 05:19:31,ecowitt,323414,273,2026-05-29 22:40,,,,,,,,,,,,,,,,,,,,,,,
2026-05-29 05:19:31,2026-05-29 05:19:31,ecowitt,323414,274,2026-05-29 22:45,,,,,,,,,,,,,,,,,,,,,,,
2026-05-29 05:19:31,2026-05-29 05:19:31,ecowitt,323414,275,2026-05-29 22:50,,,,,,,,,,,,,,,,,,,,,,,
2026-05-29 05:19:31,2026-05-29 05:19:31,ecowitt,323414,276,2026-05-29 22:55,,,,,,,,,,,,,,,,,,,,,,,
2026-05-29 05:19:31,2026-05-29 05:19:31,ecowitt,323414,277,2026-05-29 23:00,,,,,,,,,,,,,,,,,,,,,,,
2026-05-29 05:19:31,2026-05-29 05:19:31,ecowitt,323414,278,2026-05-29 23:05,,,,,,,,,,,,,,,,,,,,,,,
2026-05-29 05:19:31,2026-05-29 05:19:31,ecowitt,323414,279,2026-05-29 23:10,,,,,,,,,,,,,,,,,,,,,,,
2026-05-29 05:19:31,2026-05-29 05:19:31,ecowitt,323414,280,2026-05-29 23:15,,,,,,,,,,,,,,,,,,,,,,,
2026-05-29 05:19:31,2026-05-29 05:19:31,ecowitt,323414,281,2026-05-29 23:20,,,,,,,,,,,,,,,,,,,,,,,
2026-05-29 05:19:31,2026-05-29 05:19:31,ecowitt,323414,282,2026-05-29 23:25,,,,,,,,,,,,,,,,,,,,,,,
2026-05-29 05:19:31,2026-05-29 05:19:31,ecowitt,323414,283,2026-05-29 23:30,,,,,,,,,,,,,,,,,,,,,,,
2026-05-29 05:19:31,2026-05-29 05:19:31,ecowitt,323414,284,2026-05-29 23:35,,,,,,,,,,,,,,,,,,,,,,,
2026-05-29 05:19:31,2026-05-29 05:19:31,ecowitt,323414,285,2026-05-29 23:40,,,,,,,,,,,,,,,,,,,,,,,
2026-05-29 05:19:31,2026-05-29 05:19:31,ecowitt,323414,286,2026-05-29 23:45,,,,,,,,,,,,,,,,,,,,,,,
2026-05-29 05:19:31,2026-05-29 05:19:31,ecowitt,323414,287,2026-05-29 23:50,,,,,,,,,,,,,,,,,,,,,,,
2026-05-29 05:19:31,2026-05-29 05:19:31,ecowitt,323414,288,2026-05-29 23:55,,,,,,,,,,,,,,,,,,,,,,,
2026-05-29 05:19:31,2026-05-29 05:19:31,ecowitt,323414,289,2026-05-29 23:59,,,,,,,,,,,,,,,,,,,,,,,
